engine,tid,instruction,count,sum_duration_us,avg_duration_ns,max_duration_ns,process_bytes
AIV,FLOWCTRL,WAIT_FLAG_DEVI,40,659.287001,16482.175,16507.0,0
AIV,SCALAR,ST_XD_XN_IMM,19675,647.574995,32.914,251.0,0
AIV,VECTOR,MOVEMASK,40500,420.887985,10.392,157.0,0
AIC,SCALAR,ST_XD_XN_IMM,18262,402.422999,22.036,303.0,0
AIV,VECTOR,VOR,4064,305.872003,75.264,100.0,0
AIC,FIXP,FIX_L0C_TO_DST,314,291.039001,926.876,1901.0,5120000
AIC,FIXP,MOV_SPR_XN,314,258.869,824.424,1900.0,0
AIC,SCALAR,STI_XN_IMM,8376,249.24,29.756,295.0,0
AIC,MTE2,MOV_OUT_TO_L1_MULTI_ND2NZ,628,248.464001,395.643,714.0,10256384
AIV,MTE2,MOV_SRC_TO_DST_ALIGN,587,241.121,410.768,542.0,225536
AIV,SCALAR,LD_XD_XN_IMM,72818,230.497002,3.165,203.0,0
AIC,CUBE,MMAD,314,201.853998,642.847,1451.0,0
AIV,MTE3,MOV_UB_TO_OUT,479,193.574,404.121,1842.0,7847936
AIC,SCALAR,STP_XI_XJ_XN,4902,184.198998,37.576,309.0,0
AIV,SCALAR,STP_XI_XJ_XN,1440,183.995,127.774,296.0,0
AIC,SCALAR,LD_XD_XN_IMM,50148,171.992002,3.43,204.0,0
AIV,SCALAR,STI_XN_IMM,2947,141.061999,47.866,166.0,0
AIV,VECTOR,VCOPY,8111,105.443002,13.0,13.0,0
AIV,VECTOR,VMUL,966,91.733998,94.963,166.0,0
AIC,MTE3,MOV_L1_TO_OUT,340,76.625,225.368,244.0,657920
AIV,VECTOR,VBRCB,8122,73.097997,9.0,9.0,0
AIV,SCALAR,MOV_XD_IMM,64753,64.753003,1.0,1.0,0
AIV,SCALAR,ADD,57362,57.362003,1.0,1.0,0
AIV,SCALAR,STI_XN_XM,1424,55.044,38.654,162.0,0
AIV,SCALAR,ZEROEXT,51311,51.311002,1.0,1.0,0
AIV,MTE2,MOV_OUT_TO_UB,199,47.828,240.342,299.0,2615296
AIC,SCALAR,LDP_XI_XJ_XN,4856,47.703,9.824,204.0,0
AIC,SCALAR,LD_XD_XN,2198,43.073001,19.596,228.0,0
AIV,SCALAR,SHL,42253,42.253002,1.0,1.0,0
AIC,MTE1,LOAD_2D,314,41.34,131.656,132.0,5128192
AIV,SCALAR,MOV_XD_XN,40845,40.845002,1.0,1.0,0
AIV,VECTOR,VEXP,254,39.878001,157.0,157.0,0
AIV,SCALAR,LD_XD_XN,1064,34.791001,32.698,202.0,0
AIV,SCALAR,MOVK,34284,34.284002,1.0,1.0,0
AIV,VECTOR,VADD,508,33.974,66.878,74.0,0
AIV,VECTOR,VCMPVS,254,24.582001,96.78,101.0,0
AIC,SCALAR,ST_XD_XN,1256,23.864,19.0,21.0,0
AIV,VECTOR,VSEL,254,21.71,85.472,86.0,0
AIC,SCALAR,ADD_IMM,21336,21.336001,1.0,1.0,0
AIV,VECTOR,BAR,21273,21.273001,1.0,1.0,0
AIC,SCALAR,SIGNEXT,18850,18.850001,1.0,1.0,0
AIC,MTE1,LOAD_L1_TO_DST_3DV2,314,18.49,58.885,59.0,0
AIV,SCALAR,OR,17570,17.570001,1.0,1.0,0
AIC,SCALAR,ZEROEXT,17400,17.400001,1.0,1.0,0
AIC,SCALAR,STI_XN_XM,688,17.175,24.964,161.0,0
AIC,SCALAR,MOV_XD_IMM,16898,16.898001,1.0,1.0,0
AIC,SCALAR,SHL,13154,13.154001,1.0,1.0,0
AIV,SCALAR,CMP_IMM,12645,12.645001,1.0,1.0,0
AIV,SCALAR,LDP_XI_XJ_XN,799,12.374,15.487,203.0,0
AIC,SCALAR,ADD,12336,12.336001,1.0,1.0,0
AIV,SCALAR,ADD_IMM,12306,12.306001,1.0,1.0,0
AIV,SCALAR,DIV,1104,12.144,11.0,11.0,0
AIC,SCALAR,AND,11090,11.090001,1.0,1.0,0
AIV,SCALAR,CMP,10458,10.458,1.0,1.0,0
AIC,SCALAR,CMP_IMM,8782,8.782,1.0,1.0,0
AIV,SCALAR,SIGNEXT,8239,8.239,1.0,1.0,0
AIC,SCALAR,SEL,8228,8.228,1.0,1.0,0
AIC,SCALAR,SHR,7696,7.696,1.0,1.0,0
AIC,SCALAR,REM,692,7.612,11.0,11.0,0
AIV,VECTOR,MOVEV,762,6.858,9.0,9.0,0
AIC,SCALAR,SUB_IMM,6162,6.162,1.0,1.0,0
AIV,SCALAR,AND,6021,6.021,1.0,1.0,0
AIV,SCALAR,INSERT_XD,5950,5.95,1.0,1.0,0
AIC,SCALAR,MOVK,5846,5.846,1.0,1.0,0
AIV,SCALAR,MOV_XD_SPR,5674,5.674,1.0,1.0,0
AIV,SCALAR,SHR,5620,5.62,1.0,1.0,0
AIC,SCALAR,CMP,5044,5.044,1.0,1.0,0
AIC,SCALAR,OR,5024,5.024,1.0,1.0,0
AIC,SCALAR,MUL,4222,4.222,1.0,1.0,0
AIC,SCALAR,DIV,378,4.158,11.0,11.0,0
AIC,SCALAR,DC_PRELOAD_XN_IMM,20,4.03,201.5,202.0,0
AIV,SCALAR,MUL,3986,3.986,1.0,1.0,0
AIC,SCALAR,MADD,1904,3.808,2.0,2.0,0
AIV,VECTOR,VMULS,269,3.497,13.0,13.0,0
AIC,SCALAR,MOV_XD_XN,3340,3.34,1.0,1.0,0
AIV,SCALAR,SBITSET,3070,3.07,1.0,1.0,0
AIV,VECTOR,VCONV,254,3.048,12.0,12.0,0
AIV,SCALAR,SUB,2717,2.717,1.0,1.0,0
AIC,FLOWCTRL,WAIT_FLAG_DEVI,40,2.621,65.525,332.0,0
AIC,SCALAR,SBITSET,2572,2.572,1.0,1.0,0
AIV,SCALAR,NEG,2413,2.413,1.0,1.0,0
AIV,VECTOR,VMOVMASK_XN,254,2.286,9.0,9.0,0
AIC,SCALAR,INSERT_XD,2044,2.044,1.0,1.0,0
AIV,SCALAR,SFF,1801,1.801,1.0,1.0,0
AIC,SCALAR,SUB,1570,1.57,1.0,1.0,0
AIC,SCALAR,MIN,1570,1.57,1.0,1.0,0
AIC,SCALAR,SFF,1336,1.336,1.0,1.0,0
AIV,SCALAR,MADD,644,1.288,2.0,2.0,0
AIV,SCALAR,SUB_IMM,1038,1.038,1.0,1.0,0
AIV,SCALAR,MUL_IMM,1031,1.031,1.0,1.0,0
AIC,SCALAR,NEG,1022,1.022,1.0,1.0,0
AIV,SCALAR,SEL,905,0.905,1.0,1.0,0
AIC,MTE2,SET_2D,20,0.86,43.0,43.0,0
AIC,MTE1,MOV_SPR_XN,414,0.828,2.0,2.0,0
AIC,SCALAR,CMPN,648,0.648,1.0,1.0,0
AIV,SCALAR,MIN,477,0.477,1.0,1.0,0
AIV,SCALAR,MAX,477,0.477,1.0,1.0,0
AIC,SCALAR,MOVX8_XD_IMM,374,0.374,1.0,1.0,0
AIV,SCALAR,CMPN,318,0.318,1.0,1.0,0
AIC,SCALAR,MOV_SPR_XN,394,0.314,0.797,1.0,0
AIC,FIXP,BAR,314,0.314,1.0,1.0,0
AIV,SCALAR,MOVX8_XD_IMM,294,0.294,1.0,1.0,0
AIC,SCALAR,MOV_XD_SPR,180,0.18,1.0,1.0,0
AIV,CACHEMISS,0x140e8580,120,0.12,1.0,1.0,0
AIV,CACHEMISS,0x140e8600,120,0.12,1.0,1.0,0
AIV,CACHEMISS,0x140e8980,120,0.12,1.0,1.0,0
AIV,CACHEMISS,0x140e8a00,120,0.12,1.0,1.0,0
AIV,CACHEMISS,0x140e8a80,120,0.12,1.0,1.0,0
AIC,MTE2,MOV_SPR_XN,60,0.12,2.0,2.0,0
AIC,ALL,BAR,80,0.08,1.0,1.0,0
AIV,ALL,BAR,80,0.08,1.0,1.0,0
AIV,CACHEMISS,0x140e6d00,80,0.08,1.0,1.0,0
AIV,CACHEMISS,0x140e6d80,80,0.08,1.0,1.0,0
AIV,CACHEMISS,0x140e6e00,80,0.08,1.0,1.0,0
AIV,CACHEMISS,0x140e7900,80,0.08,1.0,1.0,0
AIV,CACHEMISS,0x140e7980,80,0.08,1.0,1.0,0
AIV,CACHEMISS,0x140e7a00,80,0.08,1.0,1.0,0
AIV,CACHEMISS,0x140e7a80,80,0.08,1.0,1.0,0
AIV,CACHEMISS,0x140e8510,80,0.08,1.0,1.0,0
AIV,CACHEMISS,0x140e8680,80,0.08,1.0,1.0,0
AIV,CACHEMISS,0x140e8900,80,0.08,1.0,1.0,0
AIV,CACHEMISS,0x140ea380,80,0.08,1.0,1.0,0
AIC,MTE3,SET_CROSS_CORE,40,0.08,2.0,2.0,0
AIV,MTE3,SET_CROSS_CORE,40,0.08,2.0,2.0,0
AIC,FLOWCTRL,DCCI,20,0.06,3.0,3.0,0
AIV,CACHEMISS,0x140ea500,58,0.058,1.0,1.0,0
AIV,CACHEMISS,0x140ea580,58,0.058,1.0,1.0,0
AIV,CACHEMISS,0x140ea600,58,0.058,1.0,1.0,0
AIV,CACHEMISS,0x140ea680,58,0.058,1.0,1.0,0
AIV,CACHEMISS,0x140e9480,43,0.043,1.0,1.0,0
AIV,CACHEMISS,0x140e9500,42,0.042,1.0,1.0,0
AIV,CACHEMISS,0x140e9580,42,0.042,1.0,1.0,0
AIV,CACHEMISS,0x140e9280,41,0.041,1.0,1.0,0
AIV,CACHEMISS,0x140e9400,41,0.041,1.0,1.0,0
AIC,SCALAR,INSERT_XD_XN,40,0.04,1.0,1.0,0
AIC,CACHEMISS,0x140e4000,40,0.04,1.0,1.0,0
AIC,CACHEMISS,0x140e4080,40,0.04,1.0,1.0,0
AIC,CACHEMISS,0x140e4100,40,0.04,1.0,1.0,0
AIC,CACHEMISS,0x140e4180,40,0.04,1.0,1.0,0
AIV,SCALAR,INSERT_XD_XN,40,0.04,1.0,1.0,0
AIV,CACHEMISS,0x140e6c9c,40,0.04,1.0,1.0,0
AIV,CACHEMISS,0x140e6c80,40,0.04,1.0,1.0,0
AIV,CACHEMISS,0x140e6e80,40,0.04,1.0,1.0,0
AIV,CACHEMISS,0x140e6f00,40,0.04,1.0,1.0,0
AIV,CACHEMISS,0x140e6f80,40,0.04,1.0,1.0,0
AIV,CACHEMISS,0x140e7000,40,0.04,1.0,1.0,0
AIV,CACHEMISS,0x140e7080,40,0.04,1.0,1.0,0
AIV,CACHEMISS,0x140e7100,40,0.04,1.0,1.0,0
AIV,CACHEMISS,0x140e7180,40,0.04,1.0,1.0,0
AIV,CACHEMISS,0x140e7200,40,0.04,1.0,1.0,0
AIV,CACHEMISS,0x140e7280,40,0.04,1.0,1.0,0
AIV,CACHEMISS,0x140e7300,40,0.04,1.0,1.0,0
AIV,CACHEMISS,0x140e7380,40,0.04,1.0,1.0,0
AIV,CACHEMISS,0x140e7400,40,0.04,1.0,1.0,0
AIV,CACHEMISS,0x140e7480,40,0.04,1.0,1.0,0
AIV,CACHEMISS,0x140e7500,40,0.04,1.0,1.0,0
AIV,CACHEMISS,0x140e7580,40,0.04,1.0,1.0,0
AIV,CACHEMISS,0x140e7600,40,0.04,1.0,1.0,0
AIV,CACHEMISS,0x140e7680,40,0.04,1.0,1.0,0
AIV,CACHEMISS,0x140e7700,40,0.04,1.0,1.0,0
AIV,CACHEMISS,0x140e7780,40,0.04,1.0,1.0,0
AIV,CACHEMISS,0x140e7800,40,0.04,1.0,1.0,0
AIV,CACHEMISS,0x140e7880,40,0.04,1.0,1.0,0
AIV,CACHEMISS,0x140e84b8,40,0.04,1.0,1.0,0
AIV,CACHEMISS,0x140e8500,40,0.04,1.0,1.0,0
AIV,CACHEMISS,0x140e8700,40,0.04,1.0,1.0,0
AIV,CACHEMISS,0x140e8780,40,0.04,1.0,1.0,0
AIV,CACHEMISS,0x140e8800,40,0.04,1.0,1.0,0
AIV,CACHEMISS,0x140e8880,40,0.04,1.0,1.0,0
AIV,CACHEMISS,0x140e8944,40,0.04,1.0,1.0,0
AIV,CACHEMISS,0x140e925c,40,0.04,1.0,1.0,0
AIV,CACHEMISS,0x140e9300,40,0.04,1.0,1.0,0
AIV,CACHEMISS,0x140e9380,40,0.04,1.0,1.0,0
AIV,CACHEMISS,0x140e9740,40,0.04,1.0,1.0,0
AIV,CACHEMISS,0x140e9780,40,0.04,1.0,1.0,0
AIV,CACHEMISS,0x140e9800,40,0.04,1.0,1.0,0
AIV,CACHEMISS,0x140e9880,40,0.04,1.0,1.0,0
AIV,CACHEMISS,0x140e9930,40,0.04,1.0,1.0,0
AIV,CACHEMISS,0x140e9980,40,0.04,1.0,1.0,0
AIV,CACHEMISS,0x140e9a00,40,0.04,1.0,1.0,0
AIV,CACHEMISS,0x140e9a80,40,0.04,1.0,1.0,0
AIV,CACHEMISS,0x140e9b00,40,0.04,1.0,1.0,0
AIV,CACHEMISS,0x140e9b80,40,0.04,1.0,1.0,0
AIV,CACHEMISS,0x140e9c00,40,0.04,1.0,1.0,0
AIV,CACHEMISS,0x140e9c80,40,0.04,1.0,1.0,0
AIV,CACHEMISS,0x140e9e00,40,0.04,1.0,1.0,0
AIV,CACHEMISS,0x140e9e80,40,0.04,1.0,1.0,0
AIV,CACHEMISS,0x140e9f00,40,0.04,1.0,1.0,0
AIV,CACHEMISS,0x140e9f80,40,0.04,1.0,1.0,0
AIV,CACHEMISS,0x140ea000,40,0.04,1.0,1.0,0
AIV,CACHEMISS,0x140ea080,40,0.04,1.0,1.0,0
AIV,CACHEMISS,0x140ea100,40,0.04,1.0,1.0,0
AIV,CACHEMISS,0x140ea180,40,0.04,1.0,1.0,0
AIV,CACHEMISS,0x140ea200,40,0.04,1.0,1.0,0
AIV,CACHEMISS,0x140ea280,40,0.04,1.0,1.0,0
AIV,CACHEMISS,0x140ea300,40,0.04,1.0,1.0,0
AIV,CACHEMISS,0x140ea340,40,0.04,1.0,1.0,0
AIV,CACHEMISS,0x140ea400,40,0.04,1.0,1.0,0
AIV,CACHEMISS,0x140ea480,40,0.04,1.0,1.0,0
AIV,CACHEMISS,0x140ea714,40,0.04,1.0,1.0,0
AIV,CACHEMISS,0x140ea780,40,0.04,1.0,1.0,0
AIV,CACHEMISS,0x140ea800,40,0.04,1.0,1.0,0
AIV,CACHEMISS,0x140ea880,40,0.04,1.0,1.0,0
AIC,FIXP,SET_CROSS_CORE,20,0.04,2.0,2.0,0
AIC,CACHEMISS,0x140e4200,20,0.02,1.0,1.0,0
AIC,CACHEMISS,0x140e4280,20,0.02,1.0,1.0,0
AIC,CACHEMISS,0x140e4300,20,0.02,1.0,1.0,0
AIC,CACHEMISS,0x140e4380,20,0.02,1.0,1.0,0
AIC,CACHEMISS,0x140e4400,20,0.02,1.0,1.0,0
AIC,CACHEMISS,0x140e4480,20,0.02,1.0,1.0,0
AIC,CACHEMISS,0x140e4500,20,0.02,1.0,1.0,0
AIC,CACHEMISS,0x140e4580,20,0.02,1.0,1.0,0
AIC,CACHEMISS,0x140e4600,20,0.02,1.0,1.0,0
AIC,CACHEMISS,0x140e4680,20,0.02,1.0,1.0,0
AIC,CACHEMISS,0x140e4700,20,0.02,1.0,1.0,0
AIC,CACHEMISS,0x140e4780,20,0.02,1.0,1.0,0
AIC,CACHEMISS,0x140e4800,20,0.02,1.0,1.0,0
AIC,CACHEMISS,0x140e4880,20,0.02,1.0,1.0,0
AIC,CACHEMISS,0x140e4900,20,0.02,1.0,1.0,0
AIC,CACHEMISS,0x140e4980,20,0.02,1.0,1.0,0
AIC,CACHEMISS,0x140e4a00,20,0.02,1.0,1.0,0
AIC,CACHEMISS,0x140e4a80,20,0.02,1.0,1.0,0
AIC,CACHEMISS,0x140e4b00,20,0.02,1.0,1.0,0
AIC,CACHEMISS,0x140e4b80,20,0.02,1.0,1.0,0
AIC,CACHEMISS,0x140e4c00,20,0.02,1.0,1.0,0
AIC,CACHEMISS,0x140e4c80,20,0.02,1.0,1.0,0
AIC,CACHEMISS,0x140e4d00,20,0.02,1.0,1.0,0
AIC,CACHEMISS,0x140e4d80,20,0.02,1.0,1.0,0
AIC,CACHEMISS,0x140e4e00,20,0.02,1.0,1.0,0
AIC,CACHEMISS,0x140e4e80,20,0.02,1.0,1.0,0
AIC,CACHEMISS,0x140e4f00,20,0.02,1.0,1.0,0
AIC,CACHEMISS,0x140e4f80,20,0.02,1.0,1.0,0
AIC,CACHEMISS,0x140e5000,20,0.02,1.0,1.0,0
AIC,CACHEMISS,0x140e5080,20,0.02,1.0,1.0,0
AIC,CACHEMISS,0x140e5100,20,0.02,1.0,1.0,0
AIC,CACHEMISS,0x140e5180,20,0.02,1.0,1.0,0
AIC,CACHEMISS,0x140e5200,20,0.02,1.0,1.0,0
AIC,CACHEMISS,0x140e5280,20,0.02,1.0,1.0,0
AIC,CACHEMISS,0x140e5300,20,0.02,1.0,1.0,0
AIC,CACHEMISS,0x140e5380,20,0.02,1.0,1.0,0
AIC,CACHEMISS,0x140e5400,20,0.02,1.0,1.0,0
AIC,CACHEMISS,0x140e5480,20,0.02,1.0,1.0,0
AIC,CACHEMISS,0x140e5500,20,0.02,1.0,1.0,0
AIC,CACHEMISS,0x140e5580,20,0.02,1.0,1.0,0
AIC,CACHEMISS,0x140e5600,20,0.02,1.0,1.0,0
AIC,CACHEMISS,0x140e5680,20,0.02,1.0,1.0,0
AIC,CACHEMISS,0x140e5700,20,0.02,1.0,1.0,0
AIC,CACHEMISS,0x140e5780,20,0.02,1.0,1.0,0
AIC,CACHEMISS,0x140e5800,20,0.02,1.0,1.0,0
AIC,CACHEMISS,0x140e5880,20,0.02,1.0,1.0,0
AIC,CACHEMISS,0x140e5900,20,0.02,1.0,1.0,0
AIC,CACHEMISS,0x140e5980,20,0.02,1.0,1.0,0
AIC,CACHEMISS,0x140e5a00,20,0.02,1.0,1.0,0
AIC,CACHEMISS,0x140e5a80,20,0.02,1.0,1.0,0
AIC,CACHEMISS,0x140e5b00,20,0.02,1.0,1.0,0
AIC,CACHEMISS,0x140e5b80,20,0.02,1.0,1.0,0
AIC,CACHEMISS,0x140e5c00,20,0.02,1.0,1.0,0
AIC,CACHEMISS,0x140e5c80,20,0.02,1.0,1.0,0
AIC,CACHEMISS,0x140e5d00,20,0.02,1.0,1.0,0
AIC,CACHEMISS,0x140e5d80,20,0.02,1.0,1.0,0
AIC,CACHEMISS,0x140e5e00,20,0.02,1.0,1.0,0
AIC,CACHEMISS,0x140e5e80,20,0.02,1.0,1.0,0
AIC,CACHEMISS,0x140e5f00,20,0.02,1.0,1.0,0
AIC,CACHEMISS,0x140e5f80,20,0.02,1.0,1.0,0
AIC,CACHEMISS,0x140e6000,20,0.02,1.0,1.0,0
AIC,CACHEMISS,0x140e6080,20,0.02,1.0,1.0,0
AIC,CACHEMISS,0x140e6100,20,0.02,1.0,1.0,0
AIC,CACHEMISS,0x140e6180,20,0.02,1.0,1.0,0
AIC,CACHEMISS,0x140e6200,20,0.02,1.0,1.0,0
AIC,CACHEMISS,0x140e6280,20,0.02,1.0,1.0,0
AIC,CACHEMISS,0x140e6300,20,0.02,1.0,1.0,0
AIC,CACHEMISS,0x140e6380,20,0.02,1.0,1.0,0
AIC,CACHEMISS,0x140e6400,20,0.02,1.0,1.0,0
AIC,CACHEMISS,0x140e6480,20,0.02,1.0,1.0,0
AIC,CACHEMISS,0x140e6500,20,0.02,1.0,1.0,0
AIC,CACHEMISS,0x140e6580,20,0.02,1.0,1.0,0
AIC,CACHEMISS,0x140e6600,20,0.02,1.0,1.0,0
AIC,CACHEMISS,0x140e6680,20,0.02,1.0,1.0,0
AIC,CACHEMISS,0x140e6700,20,0.02,1.0,1.0,0
AIC,CACHEMISS,0x140e6780,20,0.02,1.0,1.0,0
AIC,CACHEMISS,0x140e6800,20,0.02,1.0,1.0,0
AIC,CACHEMISS,0x140e6880,20,0.02,1.0,1.0,0
AIC,CACHEMISS,0x140e6900,20,0.02,1.0,1.0,0
AIC,CACHEMISS,0x140e6980,20,0.02,1.0,1.0,0
AIC,CACHEMISS,0x140e6a00,20,0.02,1.0,1.0,0
AIC,CACHEMISS,0x140e6a80,20,0.02,1.0,1.0,0
AIC,CACHEMISS,0x140e6b00,20,0.02,1.0,1.0,0
AIC,CACHEMISS,0x140e6b80,20,0.02,1.0,1.0,0
AIC,CACHEMISS,0x140e6c00,20,0.02,1.0,1.0,0
AIC,CACHEMISS,0x140e6c80,20,0.02,1.0,1.0,0
AIC,CACHEMISS,0x140e6d00,20,0.02,1.0,1.0,0
AIC,CACHEMISS,0x140e6d80,20,0.02,1.0,1.0,0
AIC,CACHEMISS,0x140e6e00,20,0.02,1.0,1.0,0
AIC,CACHEMISS,0x140e6e80,20,0.02,1.0,1.0,0
AIC,CACHEMISS,0x140e6f00,20,0.02,1.0,1.0,0
AIC,CACHEMISS,0x140e6f80,20,0.02,1.0,1.0,0
AIV,CACHEMISS,0x140e9600,4,0.004,1.0,1.0,0
AIC,CUBE,BAR,2,0.002,1.0,1.0,0
AIV,CACHEMISS,0x140e94dc,1,0.001,1.0,1.0,0
AIV,FLOWCTRL,JUMPC,22198,0.0,0.0,0.0,0
AIV,FLOWCTRL,JUMPCMP,18501,0.0,0.0,0.0,0
AIV,FLOWCTRL,JUMP,11082,0.0,0.0,0.0,0
AIC,FLOWCTRL,JUMPCMP,10548,0.0,0.0,0.0,0
AIC,FLOWCTRL,JUMPC,7168,0.0,0.0,0.0,0
AIV,SCALAR,MOV_SPR_XN,5195,0.0,0.0,0.0,0
AIC,FLOWCTRL,JUMP,5036,0.0,0.0,0.0,0
AIV,FLOWCTRL,NOP,2065,0.0,0.0,0.0,0
AIC,FLOWCTRL,NOP,1276,0.0,0.0,0.0,0
AIV,FLOWCTRL,PRELOAD,40,0.0,0.0,0.0,0
AIV,FLOWCTRL,CALL,40,0.0,0.0,0.0,0
AIC,FLOWCTRL,PRELOAD,20,0.0,0.0,0.0,0
AIC,FLOWCTRL,END,20,0.0,0.0,0.0,0
