engine,instruction,src,dst,process_bytes_each,xn_value,event_count,unique_pids,total_bytes,avg_duration_us,max_duration_us
AIC,LOAD_2D,L1,L0B,16384,0x4000,312,20,5111808,0.132,0.132
AIC,FIX_L0C_TO_DST,L0C32,OUT,16384,0,312,20,5111808,0.93183,1.901
AIV,MOV_UB_TO_OUT,UB,OUT,16384,0xc000,120,40,1966080,0.27055,0.435
AIV,MOV_UB_TO_OUT,UB,OUT,16384,0x10000,120,40,1966080,0.4107,0.522
AIV,MOV_UB_TO_OUT,UB,OUT,16384,0x14000,120,40,1966080,0.315725,1.614
AIV,MOV_UB_TO_OUT,UB,OUT,16384,0x18000,119,40,1949696,0.621319,1.842
AIC,MOV_L1_TO_OUT,L1,OUT,2048,0,320,20,655360,0.225841,0.244
AIC,MOV_OUT_TO_L1_MULTI_ND2NZ,OUT,L1,16384,0x11311800,2,1,32768,0.5335,0.536
AIC,MOV_OUT_TO_L1_MULTI_ND2NZ,OUT,L1,16384,0x11361800,2,1,32768,0.567,0.599
AIC,MOV_OUT_TO_L1_MULTI_ND2NZ,OUT,L1,16384,0x113b1800,2,1,32768,0.5405,0.546
AIC,MOV_OUT_TO_L1_MULTI_ND2NZ,OUT,L1,16384,0x11401800,2,1,32768,0.553,0.587
AIC,MOV_OUT_TO_L1_MULTI_ND2NZ,OUT,L1,16384,0x11451800,2,1,32768,0.537,0.538
AIC,MOV_OUT_TO_L1_MULTI_ND2NZ,OUT,L1,16384,0x114a1800,2,1,32768,0.536,0.541
AIC,MOV_OUT_TO_L1_MULTI_ND2NZ,OUT,L1,16384,0x114f1800,2,1,32768,0.556,0.586
AIC,MOV_OUT_TO_L1_MULTI_ND2NZ,OUT,L1,16384,0x11541800,2,1,32768,0.5385,0.539
AIC,MOV_OUT_TO_L1_MULTI_ND2NZ,OUT,L1,16384,0x11591800,2,1,32768,0.5375,0.543
AIC,MOV_OUT_TO_L1_MULTI_ND2NZ,OUT,L1,16384,0x115e1800,2,1,32768,0.554,0.587
AIC,MOV_OUT_TO_L1_MULTI_ND2NZ,OUT,L1,16384,0x11631800,2,1,32768,0.637,0.713
AIC,MOV_OUT_TO_L1_MULTI_ND2NZ,OUT,L1,16384,0x11681800,2,1,32768,0.602,0.677
AIC,MOV_OUT_TO_L1_MULTI_ND2NZ,OUT,L1,16384,0x116d1800,2,1,32768,0.6285,0.706
AIC,MOV_OUT_TO_L1_MULTI_ND2NZ,OUT,L1,16384,0x11721800,2,1,32768,0.63,0.705
AIC,MOV_OUT_TO_L1_MULTI_ND2NZ,OUT,L1,16384,0x11771800,2,1,32768,0.577,0.655
AIC,MOV_OUT_TO_L1_MULTI_ND2NZ,OUT,L1,16384,0x117c1800,2,1,32768,0.6255,0.699
AIC,MOV_OUT_TO_L1_MULTI_ND2NZ,OUT,L1,16384,0x11311900,2,1,32768,0.236,0.236
AIC,MOV_OUT_TO_L1_MULTI_ND2NZ,OUT,L1,16384,0x11361900,2,1,32768,0.236,0.236
AIC,MOV_OUT_TO_L1_MULTI_ND2NZ,OUT,L1,16384,0x113b1900,2,1,32768,0.236,0.236
AIC,MOV_OUT_TO_L1_MULTI_ND2NZ,OUT,L1,16384,0x11401900,2,1,32768,0.236,0.236
AIC,MOV_OUT_TO_L1_MULTI_ND2NZ,OUT,L1,16384,0x11451900,2,1,32768,0.236,0.236
AIC,MOV_OUT_TO_L1_MULTI_ND2NZ,OUT,L1,16384,0x114a1900,2,1,32768,0.236,0.236
AIC,MOV_OUT_TO_L1_MULTI_ND2NZ,OUT,L1,16384,0x114f1900,2,1,32768,0.236,0.236
AIC,MOV_OUT_TO_L1_MULTI_ND2NZ,OUT,L1,16384,0x11541900,2,1,32768,0.236,0.236
AIC,MOV_OUT_TO_L1_MULTI_ND2NZ,OUT,L1,16384,0x11591900,2,1,32768,0.236,0.236
AIC,MOV_OUT_TO_L1_MULTI_ND2NZ,OUT,L1,16384,0x115e1900,2,1,32768,0.236,0.236
AIC,MOV_OUT_TO_L1_MULTI_ND2NZ,OUT,L1,16384,0x11631900,2,1,32768,0.236,0.236
AIC,MOV_OUT_TO_L1_MULTI_ND2NZ,OUT,L1,16384,0x11681900,2,1,32768,0.236,0.236
AIC,MOV_OUT_TO_L1_MULTI_ND2NZ,OUT,L1,16384,0x116d1900,2,1,32768,0.236,0.236
AIC,MOV_OUT_TO_L1_MULTI_ND2NZ,OUT,L1,16384,0x11721900,2,1,32768,0.236,0.236
AIC,MOV_OUT_TO_L1_MULTI_ND2NZ,OUT,L1,16384,0x11771900,2,1,32768,0.236,0.236
AIC,MOV_OUT_TO_L1_MULTI_ND2NZ,OUT,L1,16384,0x117c1900,2,1,32768,0.236,0.236
AIC,MOV_OUT_TO_L1_MULTI_ND2NZ,OUT,L1,16384,0x11339800,2,1,32768,0.4475,0.456
AIC,MOV_OUT_TO_L1_MULTI_ND2NZ,OUT,L1,16384,0x11389800,2,1,32768,0.5485,0.553
AIC,MOV_OUT_TO_L1_MULTI_ND2NZ,OUT,L1,16384,0x113d9800,2,1,32768,0.559,0.601
AIC,MOV_OUT_TO_L1_MULTI_ND2NZ,OUT,L1,16384,0x11429800,2,1,32768,0.5475,0.554
AIC,MOV_OUT_TO_L1_MULTI_ND2NZ,OUT,L1,16384,0x11479800,2,1,32768,0.543,0.588
AIC,MOV_OUT_TO_L1_MULTI_ND2NZ,OUT,L1,16384,0x114c9800,2,1,32768,0.5355,0.541
AIC,MOV_OUT_TO_L1_MULTI_ND2NZ,OUT,L1,16384,0x11519800,2,1,32768,0.55,0.554
AIC,MOV_OUT_TO_L1_MULTI_ND2NZ,OUT,L1,16384,0x11569800,2,1,32768,0.5415,0.586
AIC,MOV_OUT_TO_L1_MULTI_ND2NZ,OUT,L1,16384,0x115b9800,2,1,32768,0.534,0.539
AIC,MOV_OUT_TO_L1_MULTI_ND2NZ,OUT,L1,16384,0x11609800,2,1,32768,0.5485,0.553
AIC,MOV_OUT_TO_L1_MULTI_ND2NZ,OUT,L1,16384,0x11659800,2,1,32768,0.6335,0.71
AIC,MOV_OUT_TO_L1_MULTI_ND2NZ,OUT,L1,16384,0x116a9800,2,1,32768,0.557,0.578
AIC,MOV_OUT_TO_L1_MULTI_ND2NZ,OUT,L1,16384,0x116f9800,2,1,32768,0.637,0.712
AIC,MOV_OUT_TO_L1_MULTI_ND2NZ,OUT,L1,16384,0x11749800,2,1,32768,0.623,0.697
AIC,MOV_OUT_TO_L1_MULTI_ND2NZ,OUT,L1,16384,0x11799800,2,1,32768,0.5255,0.547
AIC,MOV_OUT_TO_L1_MULTI_ND2NZ,OUT,L1,16384,0x117e9800,2,1,32768,0.624,0.698
AIC,MOV_OUT_TO_L1_MULTI_ND2NZ,OUT,L1,16384,0x11339900,2,1,32768,0.236,0.236
AIC,MOV_OUT_TO_L1_MULTI_ND2NZ,OUT,L1,16384,0x11389900,2,1,32768,0.236,0.236
AIC,MOV_OUT_TO_L1_MULTI_ND2NZ,OUT,L1,16384,0x113d9900,2,1,32768,0.236,0.236
AIC,MOV_OUT_TO_L1_MULTI_ND2NZ,OUT,L1,16384,0x11429900,2,1,32768,0.236,0.236
AIC,MOV_OUT_TO_L1_MULTI_ND2NZ,OUT,L1,16384,0x11479900,2,1,32768,0.236,0.236
AIC,MOV_OUT_TO_L1_MULTI_ND2NZ,OUT,L1,16384,0x114c9900,2,1,32768,0.236,0.236
AIC,MOV_OUT_TO_L1_MULTI_ND2NZ,OUT,L1,16384,0x11519900,2,1,32768,0.236,0.236
AIC,MOV_OUT_TO_L1_MULTI_ND2NZ,OUT,L1,16384,0x11569900,2,1,32768,0.236,0.236
AIC,MOV_OUT_TO_L1_MULTI_ND2NZ,OUT,L1,16384,0x115b9900,2,1,32768,0.236,0.236
AIC,MOV_OUT_TO_L1_MULTI_ND2NZ,OUT,L1,16384,0x11609900,2,1,32768,0.236,0.236
AIC,MOV_OUT_TO_L1_MULTI_ND2NZ,OUT,L1,16384,0x11659900,2,1,32768,0.236,0.236
AIC,MOV_OUT_TO_L1_MULTI_ND2NZ,OUT,L1,16384,0x116a9900,2,1,32768,0.236,0.236
AIC,MOV_OUT_TO_L1_MULTI_ND2NZ,OUT,L1,16384,0x116f9900,2,1,32768,0.236,0.236
AIC,MOV_OUT_TO_L1_MULTI_ND2NZ,OUT,L1,16384,0x11749900,2,1,32768,0.236,0.236
AIC,MOV_OUT_TO_L1_MULTI_ND2NZ,OUT,L1,16384,0x11799900,2,1,32768,0.236,0.236
AIC,MOV_OUT_TO_L1_MULTI_ND2NZ,OUT,L1,16384,0x117e9900,2,1,32768,0.236,0.236
AIC,MOV_OUT_TO_L1_MULTI_ND2NZ,OUT,L1,16384,0x11341800,2,1,32768,0.4455,0.455
AIC,MOV_OUT_TO_L1_MULTI_ND2NZ,OUT,L1,16384,0x11391800,2,1,32768,0.5495,0.555
AIC,MOV_OUT_TO_L1_MULTI_ND2NZ,OUT,L1,16384,0x113e1800,2,1,32768,0.558,0.6
AIC,MOV_OUT_TO_L1_MULTI_ND2NZ,OUT,L1,16384,0x11431800,2,1,32768,0.5485,0.554
AIC,MOV_OUT_TO_L1_MULTI_ND2NZ,OUT,L1,16384,0x11481800,2,1,32768,0.5425,0.588
AIC,MOV_OUT_TO_L1_MULTI_ND2NZ,OUT,L1,16384,0x114d1800,2,1,32768,0.5355,0.541
AIC,MOV_OUT_TO_L1_MULTI_ND2NZ,OUT,L1,16384,0x11521800,2,1,32768,0.548,0.555
AIC,MOV_OUT_TO_L1_MULTI_ND2NZ,OUT,L1,16384,0x11571800,2,1,32768,0.543,0.588
AIC,MOV_OUT_TO_L1_MULTI_ND2NZ,OUT,L1,16384,0x115c1800,2,1,32768,0.5365,0.542
AIC,MOV_OUT_TO_L1_MULTI_ND2NZ,OUT,L1,16384,0x11611800,2,1,32768,0.547,0.553
AIC,MOV_OUT_TO_L1_MULTI_ND2NZ,OUT,L1,16384,0x11661800,2,1,32768,0.637,0.712
AIC,MOV_OUT_TO_L1_MULTI_ND2NZ,OUT,L1,16384,0x116b1800,2,1,32768,0.5565,0.579
AIC,MOV_OUT_TO_L1_MULTI_ND2NZ,OUT,L1,16384,0x11701800,2,1,32768,0.6355,0.711
AIC,MOV_OUT_TO_L1_MULTI_ND2NZ,OUT,L1,16384,0x11751800,2,1,32768,0.627,0.702
AIC,MOV_OUT_TO_L1_MULTI_ND2NZ,OUT,L1,16384,0x117a1800,2,1,32768,0.5275,0.553
AIC,MOV_OUT_TO_L1_MULTI_ND2NZ,OUT,L1,16384,0x11341900,2,1,32768,0.236,0.236
AIC,MOV_OUT_TO_L1_MULTI_ND2NZ,OUT,L1,16384,0x11391900,2,1,32768,0.236,0.236
AIC,MOV_OUT_TO_L1_MULTI_ND2NZ,OUT,L1,16384,0x113e1900,2,1,32768,0.236,0.236
AIC,MOV_OUT_TO_L1_MULTI_ND2NZ,OUT,L1,16384,0x11431900,2,1,32768,0.236,0.236
AIC,MOV_OUT_TO_L1_MULTI_ND2NZ,OUT,L1,16384,0x11481900,2,1,32768,0.236,0.236
AIC,MOV_OUT_TO_L1_MULTI_ND2NZ,OUT,L1,16384,0x114d1900,2,1,32768,0.236,0.236
AIC,MOV_OUT_TO_L1_MULTI_ND2NZ,OUT,L1,16384,0x11521900,2,1,32768,0.236,0.236
AIC,MOV_OUT_TO_L1_MULTI_ND2NZ,OUT,L1,16384,0x11571900,2,1,32768,0.236,0.236
AIC,MOV_OUT_TO_L1_MULTI_ND2NZ,OUT,L1,16384,0x115c1900,2,1,32768,0.236,0.236
AIC,MOV_OUT_TO_L1_MULTI_ND2NZ,OUT,L1,16384,0x11611900,2,1,32768,0.236,0.236
AIC,MOV_OUT_TO_L1_MULTI_ND2NZ,OUT,L1,16384,0x11661900,2,1,32768,0.236,0.236
AIC,MOV_OUT_TO_L1_MULTI_ND2NZ,OUT,L1,16384,0x116b1900,2,1,32768,0.236,0.236
AIC,MOV_OUT_TO_L1_MULTI_ND2NZ,OUT,L1,16384,0x11701900,2,1,32768,0.236,0.236
AIC,MOV_OUT_TO_L1_MULTI_ND2NZ,OUT,L1,16384,0x11751900,2,1,32768,0.236,0.236
AIC,MOV_OUT_TO_L1_MULTI_ND2NZ,OUT,L1,16384,0x117a1900,2,1,32768,0.236,0.236
AIC,MOV_OUT_TO_L1_MULTI_ND2NZ,OUT,L1,16384,0x11349800,2,1,32768,0.4425,0.452
AIC,MOV_OUT_TO_L1_MULTI_ND2NZ,OUT,L1,16384,0x11399800,2,1,32768,0.5465,0.554
AIC,MOV_OUT_TO_L1_MULTI_ND2NZ,OUT,L1,16384,0x113e9800,2,1,32768,0.5465,0.589
AIC,MOV_OUT_TO_L1_MULTI_ND2NZ,OUT,L1,16384,0x11439800,2,1,32768,0.549,0.554
AIC,MOV_OUT_TO_L1_MULTI_ND2NZ,OUT,L1,16384,0x11489800,2,1,32768,0.548,0.554
AIC,MOV_OUT_TO_L1_MULTI_ND2NZ,OUT,L1,16384,0x114d9800,2,1,32768,0.5485,0.593
AIC,MOV_OUT_TO_L1_MULTI_ND2NZ,OUT,L1,16384,0x11529800,2,1,32768,0.548,0.554
AIC,MOV_OUT_TO_L1_MULTI_ND2NZ,OUT,L1,16384,0x11579800,2,1,32768,0.5505,0.595
AIC,MOV_OUT_TO_L1_MULTI_ND2NZ,OUT,L1,16384,0x115c9800,2,1,32768,0.534,0.539
AIC,MOV_OUT_TO_L1_MULTI_ND2NZ,OUT,L1,16384,0x11619800,2,1,32768,0.5485,0.554
AIC,MOV_OUT_TO_L1_MULTI_ND2NZ,OUT,L1,16384,0x11669800,2,1,32768,0.636,0.713
AIC,MOV_OUT_TO_L1_MULTI_ND2NZ,OUT,L1,16384,0x116b9800,2,1,32768,0.5485,0.573
AIC,MOV_OUT_TO_L1_MULTI_ND2NZ,OUT,L1,16384,0x11709800,2,1,32768,0.56,0.572
AIC,MOV_OUT_TO_L1_MULTI_ND2NZ,OUT,L1,16384,0x11759800,2,1,32768,0.6295,0.704
AIC,MOV_OUT_TO_L1_MULTI_ND2NZ,OUT,L1,16384,0x117a9800,2,1,32768,0.5255,0.554
AIC,MOV_OUT_TO_L1_MULTI_ND2NZ,OUT,L1,16384,0x11349900,2,1,32768,0.236,0.236
AIC,MOV_OUT_TO_L1_MULTI_ND2NZ,OUT,L1,16384,0x11399900,2,1,32768,0.236,0.236
AIC,MOV_OUT_TO_L1_MULTI_ND2NZ,OUT,L1,16384,0x113e9900,2,1,32768,0.236,0.236
AIC,MOV_OUT_TO_L1_MULTI_ND2NZ,OUT,L1,16384,0x11439900,2,1,32768,0.236,0.236
AIC,MOV_OUT_TO_L1_MULTI_ND2NZ,OUT,L1,16384,0x11489900,2,1,32768,0.236,0.236
AIC,MOV_OUT_TO_L1_MULTI_ND2NZ,OUT,L1,16384,0x114d9900,2,1,32768,0.236,0.236
AIC,MOV_OUT_TO_L1_MULTI_ND2NZ,OUT,L1,16384,0x11529900,2,1,32768,0.236,0.236
AIC,MOV_OUT_TO_L1_MULTI_ND2NZ,OUT,L1,16384,0x11579900,2,1,32768,0.236,0.236
AIC,MOV_OUT_TO_L1_MULTI_ND2NZ,OUT,L1,16384,0x115c9900,2,1,32768,0.236,0.236
AIC,MOV_OUT_TO_L1_MULTI_ND2NZ,OUT,L1,16384,0x11619900,2,1,32768,0.236,0.236
AIC,MOV_OUT_TO_L1_MULTI_ND2NZ,OUT,L1,16384,0x11669900,2,1,32768,0.236,0.236
AIC,MOV_OUT_TO_L1_MULTI_ND2NZ,OUT,L1,16384,0x116b9900,2,1,32768,0.236,0.236
AIC,MOV_OUT_TO_L1_MULTI_ND2NZ,OUT,L1,16384,0x11709900,2,1,32768,0.236,0.236
AIC,MOV_OUT_TO_L1_MULTI_ND2NZ,OUT,L1,16384,0x11759900,2,1,32768,0.236,0.236
AIC,MOV_OUT_TO_L1_MULTI_ND2NZ,OUT,L1,16384,0x117a9900,2,1,32768,0.236,0.236
AIC,MOV_OUT_TO_L1_MULTI_ND2NZ,OUT,L1,16384,0x11351800,2,1,32768,0.444,0.454
AIC,MOV_OUT_TO_L1_MULTI_ND2NZ,OUT,L1,16384,0x113a1800,2,1,32768,0.5485,0.555
AIC,MOV_OUT_TO_L1_MULTI_ND2NZ,OUT,L1,16384,0x113f1800,2,1,32768,0.5495,0.592
AIC,MOV_OUT_TO_L1_MULTI_ND2NZ,OUT,L1,16384,0x11441800,2,1,32768,0.5485,0.553
AIC,MOV_OUT_TO_L1_MULTI_ND2NZ,OUT,L1,16384,0x11491800,2,1,32768,0.5505,0.555
AIC,MOV_OUT_TO_L1_MULTI_ND2NZ,OUT,L1,16384,0x114e1800,2,1,32768,0.5495,0.594
AIC,MOV_OUT_TO_L1_MULTI_ND2NZ,OUT,L1,16384,0x11531800,2,1,32768,0.548,0.553
AIC,MOV_OUT_TO_L1_MULTI_ND2NZ,OUT,L1,16384,0x11581800,2,1,32768,0.548,0.59
AIC,MOV_OUT_TO_L1_MULTI_ND2NZ,OUT,L1,16384,0x115d1800,2,1,32768,0.533,0.538
AIC,MOV_OUT_TO_L1_MULTI_ND2NZ,OUT,L1,16384,0x11621800,2,1,32768,0.5485,0.554
AIC,MOV_OUT_TO_L1_MULTI_ND2NZ,OUT,L1,16384,0x11671800,2,1,32768,0.6325,0.708
AIC,MOV_OUT_TO_L1_MULTI_ND2NZ,OUT,L1,16384,0x116c1800,2,1,32768,0.557,0.577
AIC,MOV_OUT_TO_L1_MULTI_ND2NZ,OUT,L1,16384,0x11711800,2,1,32768,0.5665,0.575
AIC,MOV_OUT_TO_L1_MULTI_ND2NZ,OUT,L1,16384,0x11761800,2,1,32768,0.6265,0.701
AIC,MOV_OUT_TO_L1_MULTI_ND2NZ,OUT,L1,16384,0x117b1800,2,1,32768,0.527,0.553
AIC,MOV_OUT_TO_L1_MULTI_ND2NZ,OUT,L1,16384,0x11351900,2,1,32768,0.236,0.236
AIC,MOV_OUT_TO_L1_MULTI_ND2NZ,OUT,L1,16384,0x113a1900,2,1,32768,0.236,0.236
AIC,MOV_OUT_TO_L1_MULTI_ND2NZ,OUT,L1,16384,0x113f1900,2,1,32768,0.236,0.236
AIC,MOV_OUT_TO_L1_MULTI_ND2NZ,OUT,L1,16384,0x11441900,2,1,32768,0.236,0.236
AIC,MOV_OUT_TO_L1_MULTI_ND2NZ,OUT,L1,16384,0x11491900,2,1,32768,0.236,0.236
AIC,MOV_OUT_TO_L1_MULTI_ND2NZ,OUT,L1,16384,0x114e1900,2,1,32768,0.236,0.236
AIC,MOV_OUT_TO_L1_MULTI_ND2NZ,OUT,L1,16384,0x11531900,2,1,32768,0.236,0.236
AIC,MOV_OUT_TO_L1_MULTI_ND2NZ,OUT,L1,16384,0x11581900,2,1,32768,0.236,0.236
AIC,MOV_OUT_TO_L1_MULTI_ND2NZ,OUT,L1,16384,0x115d1900,2,1,32768,0.236,0.236
AIC,MOV_OUT_TO_L1_MULTI_ND2NZ,OUT,L1,16384,0x11621900,2,1,32768,0.236,0.236
AIC,MOV_OUT_TO_L1_MULTI_ND2NZ,OUT,L1,16384,0x11671900,2,1,32768,0.236,0.236
AIC,MOV_OUT_TO_L1_MULTI_ND2NZ,OUT,L1,16384,0x116c1900,2,1,32768,0.236,0.236
AIC,MOV_OUT_TO_L1_MULTI_ND2NZ,OUT,L1,16384,0x11711900,2,1,32768,0.236,0.236
AIC,MOV_OUT_TO_L1_MULTI_ND2NZ,OUT,L1,16384,0x11761900,2,1,32768,0.236,0.236
AIC,MOV_OUT_TO_L1_MULTI_ND2NZ,OUT,L1,16384,0x117b1900,2,1,32768,0.236,0.236
AIC,MOV_OUT_TO_L1_MULTI_ND2NZ,OUT,L1,16384,0x11359800,2,1,32768,0.444,0.454
AIC,MOV_OUT_TO_L1_MULTI_ND2NZ,OUT,L1,16384,0x113a9800,2,1,32768,0.5485,0.554
AIC,MOV_OUT_TO_L1_MULTI_ND2NZ,OUT,L1,16384,0x113f9800,2,1,32768,0.5525,0.594
AIC,MOV_OUT_TO_L1_MULTI_ND2NZ,OUT,L1,16384,0x11449800,2,1,32768,0.548,0.554
AIC,MOV_OUT_TO_L1_MULTI_ND2NZ,OUT,L1,16384,0x11499800,2,1,32768,0.547,0.554
AIC,MOV_OUT_TO_L1_MULTI_ND2NZ,OUT,L1,16384,0x114e9800,2,1,32768,0.5435,0.587
AIC,MOV_OUT_TO_L1_MULTI_ND2NZ,OUT,L1,16384,0x11539800,2,1,32768,0.548,0.555
AIC,MOV_OUT_TO_L1_MULTI_ND2NZ,OUT,L1,16384,0x11589800,2,1,32768,0.548,0.554
AIC,MOV_OUT_TO_L1_MULTI_ND2NZ,OUT,L1,16384,0x115d9800,2,1,32768,0.5495,0.593
AIC,MOV_OUT_TO_L1_MULTI_ND2NZ,OUT,L1,16384,0x11629800,2,1,32768,0.548,0.553
AIC,MOV_OUT_TO_L1_MULTI_ND2NZ,OUT,L1,16384,0x11679800,2,1,32768,0.6305,0.706
AIC,MOV_OUT_TO_L1_MULTI_ND2NZ,OUT,L1,16384,0x116c9800,2,1,32768,0.558,0.576
AIC,MOV_OUT_TO_L1_MULTI_ND2NZ,OUT,L1,16384,0x11719800,2,1,32768,0.563,0.572
AIC,MOV_OUT_TO_L1_MULTI_ND2NZ,OUT,L1,16384,0x11769800,2,1,32768,0.627,0.703
AIC,MOV_OUT_TO_L1_MULTI_ND2NZ,OUT,L1,16384,0x117b9800,2,1,32768,0.528,0.559
AIC,MOV_OUT_TO_L1_MULTI_ND2NZ,OUT,L1,16384,0x11359900,2,1,32768,0.236,0.236
AIC,MOV_OUT_TO_L1_MULTI_ND2NZ,OUT,L1,16384,0x113a9900,2,1,32768,0.236,0.236
AIC,MOV_OUT_TO_L1_MULTI_ND2NZ,OUT,L1,16384,0x113f9900,2,1,32768,0.236,0.236
AIC,MOV_OUT_TO_L1_MULTI_ND2NZ,OUT,L1,16384,0x11449900,2,1,32768,0.236,0.236
AIC,MOV_OUT_TO_L1_MULTI_ND2NZ,OUT,L1,16384,0x11499900,2,1,32768,0.236,0.236
AIC,MOV_OUT_TO_L1_MULTI_ND2NZ,OUT,L1,16384,0x114e9900,2,1,32768,0.236,0.236
AIC,MOV_OUT_TO_L1_MULTI_ND2NZ,OUT,L1,16384,0x11539900,2,1,32768,0.236,0.236
AIC,MOV_OUT_TO_L1_MULTI_ND2NZ,OUT,L1,16384,0x11589900,2,1,32768,0.236,0.236
AIC,MOV_OUT_TO_L1_MULTI_ND2NZ,OUT,L1,16384,0x115d9900,2,1,32768,0.236,0.236
AIC,MOV_OUT_TO_L1_MULTI_ND2NZ,OUT,L1,16384,0x11629900,2,1,32768,0.236,0.236
AIC,MOV_OUT_TO_L1_MULTI_ND2NZ,OUT,L1,16384,0x11679900,2,1,32768,0.236,0.236
AIC,MOV_OUT_TO_L1_MULTI_ND2NZ,OUT,L1,16384,0x116c9900,2,1,32768,0.236,0.236
AIC,MOV_OUT_TO_L1_MULTI_ND2NZ,OUT,L1,16384,0x11719900,2,1,32768,0.236,0.236
AIC,MOV_OUT_TO_L1_MULTI_ND2NZ,OUT,L1,16384,0x11769900,2,1,32768,0.236,0.236
AIC,MOV_OUT_TO_L1_MULTI_ND2NZ,OUT,L1,16384,0x117b9900,2,1,32768,0.236,0.236
AIC,MOV_OUT_TO_L1_MULTI_ND2NZ,OUT,L1,16384,0x11319800,2,1,32768,0.4435,0.453
AIC,MOV_OUT_TO_L1_MULTI_ND2NZ,OUT,L1,16384,0x11369800,2,1,32768,0.535,0.536
AIC,MOV_OUT_TO_L1_MULTI_ND2NZ,OUT,L1,16384,0x113b9800,2,1,32768,0.4425,0.448
AIC,MOV_OUT_TO_L1_MULTI_ND2NZ,OUT,L1,16384,0x11409800,2,1,32768,0.5475,0.554
AIC,MOV_OUT_TO_L1_MULTI_ND2NZ,OUT,L1,16384,0x11459800,2,1,32768,0.5545,0.6
AIC,MOV_OUT_TO_L1_MULTI_ND2NZ,OUT,L1,16384,0x114a9800,2,1,32768,0.538,0.543
AIC,MOV_OUT_TO_L1_MULTI_ND2NZ,OUT,L1,16384,0x114f9800,2,1,32768,0.5545,0.588
AIC,MOV_OUT_TO_L1_MULTI_ND2NZ,OUT,L1,16384,0x11549800,2,1,32768,0.536,0.538
AIC,MOV_OUT_TO_L1_MULTI_ND2NZ,OUT,L1,16384,0x11599800,2,1,32768,0.541,0.546
AIC,MOV_OUT_TO_L1_MULTI_ND2NZ,OUT,L1,16384,0x115e9800,2,1,32768,0.55,0.583
AIC,MOV_OUT_TO_L1_MULTI_ND2NZ,OUT,L1,16384,0x11639800,2,1,32768,0.6325,0.708
AIC,MOV_OUT_TO_L1_MULTI_ND2NZ,OUT,L1,16384,0x11689800,2,1,32768,0.5525,0.573
AIC,MOV_OUT_TO_L1_MULTI_ND2NZ,OUT,L1,16384,0x116d9800,2,1,32768,0.6295,0.714
AIC,MOV_OUT_TO_L1_MULTI_ND2NZ,OUT,L1,16384,0x11729800,2,1,32768,0.6255,0.699
AIC,MOV_OUT_TO_L1_MULTI_ND2NZ,OUT,L1,16384,0x11779800,2,1,32768,0.58,0.655
AIC,MOV_OUT_TO_L1_MULTI_ND2NZ,OUT,L1,16384,0x117c9800,2,1,32768,0.624,0.698
AIC,MOV_OUT_TO_L1_MULTI_ND2NZ,OUT,L1,16384,0x11319900,2,1,32768,0.236,0.236
AIC,MOV_OUT_TO_L1_MULTI_ND2NZ,OUT,L1,16384,0x11369900,2,1,32768,0.236,0.236
AIC,MOV_OUT_TO_L1_MULTI_ND2NZ,OUT,L1,16384,0x113b9900,2,1,32768,0.236,0.236
AIC,MOV_OUT_TO_L1_MULTI_ND2NZ,OUT,L1,16384,0x11409900,2,1,32768,0.236,0.236
AIC,MOV_OUT_TO_L1_MULTI_ND2NZ,OUT,L1,16384,0x11459900,2,1,32768,0.236,0.236
AIC,MOV_OUT_TO_L1_MULTI_ND2NZ,OUT,L1,16384,0x114a9900,2,1,32768,0.236,0.236
AIC,MOV_OUT_TO_L1_MULTI_ND2NZ,OUT,L1,16384,0x114f9900,2,1,32768,0.236,0.236
AIC,MOV_OUT_TO_L1_MULTI_ND2NZ,OUT,L1,16384,0x11549900,2,1,32768,0.236,0.236
AIC,MOV_OUT_TO_L1_MULTI_ND2NZ,OUT,L1,16384,0x11599900,2,1,32768,0.236,0.236
AIC,MOV_OUT_TO_L1_MULTI_ND2NZ,OUT,L1,16384,0x115e9900,2,1,32768,0.236,0.236
AIC,MOV_OUT_TO_L1_MULTI_ND2NZ,OUT,L1,16384,0x11639900,2,1,32768,0.236,0.236
AIC,MOV_OUT_TO_L1_MULTI_ND2NZ,OUT,L1,16384,0x11689900,2,1,32768,0.236,0.236
AIC,MOV_OUT_TO_L1_MULTI_ND2NZ,OUT,L1,16384,0x116d9900,2,1,32768,0.236,0.236
AIC,MOV_OUT_TO_L1_MULTI_ND2NZ,OUT,L1,16384,0x11729900,2,1,32768,0.236,0.236
AIC,MOV_OUT_TO_L1_MULTI_ND2NZ,OUT,L1,16384,0x11779900,2,1,32768,0.236,0.236
AIC,MOV_OUT_TO_L1_MULTI_ND2NZ,OUT,L1,16384,0x117c9900,2,1,32768,0.236,0.236
AIC,MOV_OUT_TO_L1_MULTI_ND2NZ,OUT,L1,16384,0x11321800,2,1,32768,0.4445,0.453
AIC,MOV_OUT_TO_L1_MULTI_ND2NZ,OUT,L1,16384,0x11371800,2,1,32768,0.5325,0.534
AIC,MOV_OUT_TO_L1_MULTI_ND2NZ,OUT,L1,16384,0x113c1800,2,1,32768,0.442,0.448
AIC,MOV_OUT_TO_L1_MULTI_ND2NZ,OUT,L1,16384,0x11411800,2,1,32768,0.5485,0.556
AIC,MOV_OUT_TO_L1_MULTI_ND2NZ,OUT,L1,16384,0x11461800,2,1,32768,0.552,0.598
AIC,MOV_OUT_TO_L1_MULTI_ND2NZ,OUT,L1,16384,0x114b1800,2,1,32768,0.532,0.537
AIC,MOV_OUT_TO_L1_MULTI_ND2NZ,OUT,L1,16384,0x11501800,2,1,32768,0.5585,0.588
AIC,MOV_OUT_TO_L1_MULTI_ND2NZ,OUT,L1,16384,0x11551800,2,1,32768,0.534,0.536
AIC,MOV_OUT_TO_L1_MULTI_ND2NZ,OUT,L1,16384,0x115a1800,2,1,32768,0.5375,0.543
AIC,MOV_OUT_TO_L1_MULTI_ND2NZ,OUT,L1,16384,0x115f1800,2,1,32768,0.5575,0.591
AIC,MOV_OUT_TO_L1_MULTI_ND2NZ,OUT,L1,16384,0x11641800,2,1,32768,0.6325,0.709
AIC,MOV_OUT_TO_L1_MULTI_ND2NZ,OUT,L1,16384,0x11691800,2,1,32768,0.5545,0.576
AIC,MOV_OUT_TO_L1_MULTI_ND2NZ,OUT,L1,16384,0x116e1800,2,1,32768,0.6265,0.705
AIC,MOV_OUT_TO_L1_MULTI_ND2NZ,OUT,L1,16384,0x11731800,2,1,32768,0.6225,0.698
AIC,MOV_OUT_TO_L1_MULTI_ND2NZ,OUT,L1,16384,0x11781800,2,1,32768,0.584,0.659
AIC,MOV_OUT_TO_L1_MULTI_ND2NZ,OUT,L1,16384,0x117d1800,2,1,32768,0.615,0.689
AIC,MOV_OUT_TO_L1_MULTI_ND2NZ,OUT,L1,16384,0x11321900,2,1,32768,0.236,0.236
AIC,MOV_OUT_TO_L1_MULTI_ND2NZ,OUT,L1,16384,0x11371900,2,1,32768,0.236,0.236
AIC,MOV_OUT_TO_L1_MULTI_ND2NZ,OUT,L1,16384,0x113c1900,2,1,32768,0.236,0.236
AIC,MOV_OUT_TO_L1_MULTI_ND2NZ,OUT,L1,16384,0x11411900,2,1,32768,0.236,0.236
AIC,MOV_OUT_TO_L1_MULTI_ND2NZ,OUT,L1,16384,0x11461900,2,1,32768,0.236,0.236
AIC,MOV_OUT_TO_L1_MULTI_ND2NZ,OUT,L1,16384,0x114b1900,2,1,32768,0.236,0.236
AIC,MOV_OUT_TO_L1_MULTI_ND2NZ,OUT,L1,16384,0x11501900,2,1,32768,0.236,0.236
AIC,MOV_OUT_TO_L1_MULTI_ND2NZ,OUT,L1,16384,0x11551900,2,1,32768,0.236,0.236
AIC,MOV_OUT_TO_L1_MULTI_ND2NZ,OUT,L1,16384,0x115a1900,2,1,32768,0.236,0.236
AIC,MOV_OUT_TO_L1_MULTI_ND2NZ,OUT,L1,16384,0x115f1900,2,1,32768,0.236,0.236
AIC,MOV_OUT_TO_L1_MULTI_ND2NZ,OUT,L1,16384,0x11641900,2,1,32768,0.236,0.236
AIC,MOV_OUT_TO_L1_MULTI_ND2NZ,OUT,L1,16384,0x11691900,2,1,32768,0.236,0.236
AIC,MOV_OUT_TO_L1_MULTI_ND2NZ,OUT,L1,16384,0x116e1900,2,1,32768,0.236,0.236
AIC,MOV_OUT_TO_L1_MULTI_ND2NZ,OUT,L1,16384,0x11731900,2,1,32768,0.236,0.236
AIC,MOV_OUT_TO_L1_MULTI_ND2NZ,OUT,L1,16384,0x11781900,2,1,32768,0.236,0.236
AIC,MOV_OUT_TO_L1_MULTI_ND2NZ,OUT,L1,16384,0x117d1900,2,1,32768,0.236,0.236
AIC,MOV_OUT_TO_L1_MULTI_ND2NZ,OUT,L1,16384,0x11329800,2,1,32768,0.444,0.454
AIC,MOV_OUT_TO_L1_MULTI_ND2NZ,OUT,L1,16384,0x11379800,2,1,32768,0.5335,0.536
AIC,MOV_OUT_TO_L1_MULTI_ND2NZ,OUT,L1,16384,0x113c9800,2,1,32768,0.442,0.448
AIC,MOV_OUT_TO_L1_MULTI_ND2NZ,OUT,L1,16384,0x11419800,2,1,32768,0.5465,0.554
AIC,MOV_OUT_TO_L1_MULTI_ND2NZ,OUT,L1,16384,0x11469800,2,1,32768,0.553,0.597
AIC,MOV_OUT_TO_L1_MULTI_ND2NZ,OUT,L1,16384,0x114b9800,2,1,32768,0.532,0.537
AIC,MOV_OUT_TO_L1_MULTI_ND2NZ,OUT,L1,16384,0x11509800,2,1,32768,0.547,0.554
AIC,MOV_OUT_TO_L1_MULTI_ND2NZ,OUT,L1,16384,0x11559800,2,1,32768,0.5495,0.591
AIC,MOV_OUT_TO_L1_MULTI_ND2NZ,OUT,L1,16384,0x115a9800,2,1,32768,0.537,0.542
AIC,MOV_OUT_TO_L1_MULTI_ND2NZ,OUT,L1,16384,0x115f9800,2,1,32768,0.555,0.589
AIC,MOV_OUT_TO_L1_MULTI_ND2NZ,OUT,L1,16384,0x11649800,2,1,32768,0.6315,0.707
AIC,MOV_OUT_TO_L1_MULTI_ND2NZ,OUT,L1,16384,0x11699800,2,1,32768,0.559,0.579
AIC,MOV_OUT_TO_L1_MULTI_ND2NZ,OUT,L1,16384,0x116e9800,2,1,32768,0.6335,0.708
AIC,MOV_OUT_TO_L1_MULTI_ND2NZ,OUT,L1,16384,0x11739800,2,1,32768,0.621,0.695
AIC,MOV_OUT_TO_L1_MULTI_ND2NZ,OUT,L1,16384,0x11789800,2,1,32768,0.5345,0.558
AIC,MOV_OUT_TO_L1_MULTI_ND2NZ,OUT,L1,16384,0x117d9800,2,1,32768,0.618,0.692
AIC,MOV_OUT_TO_L1_MULTI_ND2NZ,OUT,L1,16384,0x11329900,2,1,32768,0.236,0.236
AIC,MOV_OUT_TO_L1_MULTI_ND2NZ,OUT,L1,16384,0x11379900,2,1,32768,0.236,0.236
AIC,MOV_OUT_TO_L1_MULTI_ND2NZ,OUT,L1,16384,0x113c9900,2,1,32768,0.236,0.236
AIC,MOV_OUT_TO_L1_MULTI_ND2NZ,OUT,L1,16384,0x11419900,2,1,32768,0.236,0.236
AIC,MOV_OUT_TO_L1_MULTI_ND2NZ,OUT,L1,16384,0x11469900,2,1,32768,0.236,0.236
AIC,MOV_OUT_TO_L1_MULTI_ND2NZ,OUT,L1,16384,0x114b9900,2,1,32768,0.236,0.236
AIC,MOV_OUT_TO_L1_MULTI_ND2NZ,OUT,L1,16384,0x11509900,2,1,32768,0.236,0.236
AIC,MOV_OUT_TO_L1_MULTI_ND2NZ,OUT,L1,16384,0x11559900,2,1,32768,0.236,0.236
AIC,MOV_OUT_TO_L1_MULTI_ND2NZ,OUT,L1,16384,0x115a9900,2,1,32768,0.236,0.236
AIC,MOV_OUT_TO_L1_MULTI_ND2NZ,OUT,L1,16384,0x115f9900,2,1,32768,0.236,0.236
AIC,MOV_OUT_TO_L1_MULTI_ND2NZ,OUT,L1,16384,0x11649900,2,1,32768,0.236,0.236
AIC,MOV_OUT_TO_L1_MULTI_ND2NZ,OUT,L1,16384,0x11699900,2,1,32768,0.236,0.236
AIC,MOV_OUT_TO_L1_MULTI_ND2NZ,OUT,L1,16384,0x116e9900,2,1,32768,0.236,0.236
AIC,MOV_OUT_TO_L1_MULTI_ND2NZ,OUT,L1,16384,0x11739900,2,1,32768,0.236,0.236
AIC,MOV_OUT_TO_L1_MULTI_ND2NZ,OUT,L1,16384,0x11789900,2,1,32768,0.236,0.236
AIC,MOV_OUT_TO_L1_MULTI_ND2NZ,OUT,L1,16384,0x117d9900,2,1,32768,0.236,0.236
AIC,MOV_OUT_TO_L1_MULTI_ND2NZ,OUT,L1,16384,0x11331800,2,1,32768,0.448,0.454
AIC,MOV_OUT_TO_L1_MULTI_ND2NZ,OUT,L1,16384,0x11381800,2,1,32768,0.533,0.535
AIC,MOV_OUT_TO_L1_MULTI_ND2NZ,OUT,L1,16384,0x113d1800,2,1,32768,0.442,0.449
AIC,MOV_OUT_TO_L1_MULTI_ND2NZ,OUT,L1,16384,0x11421800,2,1,32768,0.5475,0.553
AIC,MOV_OUT_TO_L1_MULTI_ND2NZ,OUT,L1,16384,0x11471800,2,1,32768,0.5555,0.6
AIC,MOV_OUT_TO_L1_MULTI_ND2NZ,OUT,L1,16384,0x114c1800,2,1,32768,0.536,0.541
AIC,MOV_OUT_TO_L1_MULTI_ND2NZ,OUT,L1,16384,0x11511800,2,1,32768,0.5475,0.554
AIC,MOV_OUT_TO_L1_MULTI_ND2NZ,OUT,L1,16384,0x11561800,2,1,32768,0.5425,0.587
AIC,MOV_OUT_TO_L1_MULTI_ND2NZ,OUT,L1,16384,0x115b1800,2,1,32768,0.537,0.541
AIC,MOV_OUT_TO_L1_MULTI_ND2NZ,OUT,L1,16384,0x11601800,2,1,32768,0.5535,0.586
AIC,MOV_OUT_TO_L1_MULTI_ND2NZ,OUT,L1,16384,0x11651800,2,1,32768,0.6315,0.707
AIC,MOV_OUT_TO_L1_MULTI_ND2NZ,OUT,L1,16384,0x116a1800,2,1,32768,0.5585,0.578
AIC,MOV_OUT_TO_L1_MULTI_ND2NZ,OUT,L1,16384,0x116f1800,2,1,32768,0.634,0.709
AIC,MOV_OUT_TO_L1_MULTI_ND2NZ,OUT,L1,16384,0x11741800,2,1,32768,0.623,0.698
AIC,MOV_OUT_TO_L1_MULTI_ND2NZ,OUT,L1,16384,0x11791800,2,1,32768,0.531,0.555
AIC,MOV_OUT_TO_L1_MULTI_ND2NZ,OUT,L1,16384,0x117e1800,2,1,32768,0.6195,0.693
AIC,MOV_OUT_TO_L1_MULTI_ND2NZ,OUT,L1,16384,0x11331900,2,1,32768,0.236,0.236
AIC,MOV_OUT_TO_L1_MULTI_ND2NZ,OUT,L1,16384,0x11381900,2,1,32768,0.236,0.236
AIC,MOV_OUT_TO_L1_MULTI_ND2NZ,OUT,L1,16384,0x113d1900,2,1,32768,0.236,0.236
AIC,MOV_OUT_TO_L1_MULTI_ND2NZ,OUT,L1,16384,0x11421900,2,1,32768,0.236,0.236
AIC,MOV_OUT_TO_L1_MULTI_ND2NZ,OUT,L1,16384,0x11471900,2,1,32768,0.236,0.236
AIC,MOV_OUT_TO_L1_MULTI_ND2NZ,OUT,L1,16384,0x114c1900,2,1,32768,0.236,0.236
AIC,MOV_OUT_TO_L1_MULTI_ND2NZ,OUT,L1,16384,0x11511900,2,1,32768,0.236,0.236
AIC,MOV_OUT_TO_L1_MULTI_ND2NZ,OUT,L1,16384,0x11561900,2,1,32768,0.236,0.236
AIC,MOV_OUT_TO_L1_MULTI_ND2NZ,OUT,L1,16384,0x115b1900,2,1,32768,0.236,0.236
AIC,MOV_OUT_TO_L1_MULTI_ND2NZ,OUT,L1,16384,0x11601900,2,1,32768,0.236,0.236
AIC,MOV_OUT_TO_L1_MULTI_ND2NZ,OUT,L1,16384,0x11651900,2,1,32768,0.236,0.236
AIC,MOV_OUT_TO_L1_MULTI_ND2NZ,OUT,L1,16384,0x116a1900,2,1,32768,0.236,0.236
AIC,MOV_OUT_TO_L1_MULTI_ND2NZ,OUT,L1,16384,0x116f1900,2,1,32768,0.236,0.236
AIC,MOV_OUT_TO_L1_MULTI_ND2NZ,OUT,L1,16384,0x11741900,2,1,32768,0.236,0.236
AIC,MOV_OUT_TO_L1_MULTI_ND2NZ,OUT,L1,16384,0x11791900,2,1,32768,0.236,0.236
AIC,MOV_OUT_TO_L1_MULTI_ND2NZ,OUT,L1,16384,0x117e1900,2,1,32768,0.236,0.236
AIC,MOV_OUT_TO_L1_MULTI_ND2NZ,OUT,L1,8192,0x117f1800,2,1,16384,0.5105,0.519
AIC,LOAD_2D,L1,L0B,8192,0x4000,2,2,16384,0.078,0.078
AIC,MOV_OUT_TO_L1_MULTI_ND2NZ,OUT,L1,8192,0x117f1900,2,1,16384,0.2,0.2
AIV,MOV_OUT_TO_UB,OUT,UB,16384,0x13bfba00,1,1,16384,0.298,0.298
AIV,MOV_OUT_TO_UB,OUT,UB,16384,0x13c9ba00,1,1,16384,0.228,0.228
AIV,MOV_OUT_TO_UB,OUT,UB,16384,0x13d3ba00,1,1,16384,0.228,0.228
AIV,MOV_OUT_TO_UB,OUT,UB,16384,0x13ddba00,1,1,16384,0.228,0.228
AIV,MOV_OUT_TO_UB,OUT,UB,16384,0x13bffa00,1,1,16384,0.295,0.295
AIV,MOV_OUT_TO_UB,OUT,UB,16384,0x13c9fa00,1,1,16384,0.228,0.228
AIV,MOV_OUT_TO_UB,OUT,UB,16384,0x13d3fa00,1,1,16384,0.228,0.228
AIV,MOV_OUT_TO_UB,OUT,UB,16384,0x13ddfa00,1,1,16384,0.228,0.228
AIV,MOV_OUT_TO_UB,OUT,UB,16384,0x13c03a00,1,1,16384,0.296,0.296
AIV,MOV_OUT_TO_UB,OUT,UB,16384,0x13ca3a00,1,1,16384,0.228,0.228
AIV,MOV_OUT_TO_UB,OUT,UB,16384,0x13d43a00,1,1,16384,0.228,0.228
AIV,MOV_OUT_TO_UB,OUT,UB,16384,0x13de3a00,1,1,16384,0.228,0.228
AIV,MOV_OUT_TO_UB,OUT,UB,16384,0x13c07a00,1,1,16384,0.286,0.286
AIV,MOV_OUT_TO_UB,OUT,UB,16384,0x13ca7a00,1,1,16384,0.228,0.228
AIV,MOV_OUT_TO_UB,OUT,UB,16384,0x13d47a00,1,1,16384,0.228,0.228
AIV,MOV_OUT_TO_UB,OUT,UB,16384,0x13de7a00,1,1,16384,0.228,0.228
AIV,MOV_OUT_TO_UB,OUT,UB,16384,0x13c4ba00,1,1,16384,0.295,0.295
AIV,MOV_OUT_TO_UB,OUT,UB,16384,0x13ceba00,1,1,16384,0.228,0.228
AIV,MOV_OUT_TO_UB,OUT,UB,16384,0x13d8ba00,1,1,16384,0.228,0.228
AIV,MOV_OUT_TO_UB,OUT,UB,16384,0x13e2ba00,1,1,16384,0.228,0.228
AIV,MOV_OUT_TO_UB,OUT,UB,16384,0x13c4fa00,1,1,16384,0.282,0.282
AIV,MOV_OUT_TO_UB,OUT,UB,16384,0x13cefa00,1,1,16384,0.258,0.258
AIV,MOV_OUT_TO_UB,OUT,UB,16384,0x13d8fa00,1,1,16384,0.228,0.228
AIV,MOV_OUT_TO_UB,OUT,UB,16384,0x13e2fa00,1,1,16384,0.228,0.228
AIV,MOV_OUT_TO_UB,OUT,UB,16384,0x13c53a00,1,1,16384,0.299,0.299
AIV,MOV_OUT_TO_UB,OUT,UB,16384,0x13cf3a00,1,1,16384,0.228,0.228
AIV,MOV_OUT_TO_UB,OUT,UB,16384,0x13d93a00,1,1,16384,0.228,0.228
AIV,MOV_OUT_TO_UB,OUT,UB,16384,0x13e33a00,1,1,16384,0.228,0.228
AIV,MOV_OUT_TO_UB,OUT,UB,16384,0x13c57a00,1,1,16384,0.297,0.297
AIV,MOV_OUT_TO_UB,OUT,UB,16384,0x13cf7a00,1,1,16384,0.228,0.228
AIV,MOV_OUT_TO_UB,OUT,UB,16384,0x13d97a00,1,1,16384,0.228,0.228
AIV,MOV_OUT_TO_UB,OUT,UB,16384,0x13e37a00,1,1,16384,0.228,0.228
AIV,MOV_OUT_TO_UB,OUT,UB,16384,0x13c5ba00,1,1,16384,0.284,0.284
AIV,MOV_OUT_TO_UB,OUT,UB,16384,0x13cfba00,1,1,16384,0.228,0.228
AIV,MOV_OUT_TO_UB,OUT,UB,16384,0x13d9ba00,1,1,16384,0.228,0.228
AIV,MOV_OUT_TO_UB,OUT,UB,16384,0x13e3ba00,1,1,16384,0.228,0.228
AIV,MOV_OUT_TO_UB,OUT,UB,16384,0x13c5fa00,1,1,16384,0.296,0.296
AIV,MOV_OUT_TO_UB,OUT,UB,16384,0x13cffa00,1,1,16384,0.228,0.228
AIV,MOV_OUT_TO_UB,OUT,UB,16384,0x13d9fa00,1,1,16384,0.228,0.228
AIV,MOV_OUT_TO_UB,OUT,UB,16384,0x13e3fa00,1,1,16384,0.228,0.228
AIV,MOV_OUT_TO_UB,OUT,UB,16384,0x13c63a00,1,1,16384,0.298,0.298
AIV,MOV_OUT_TO_UB,OUT,UB,16384,0x13d03a00,1,1,16384,0.251,0.251
AIV,MOV_OUT_TO_UB,OUT,UB,16384,0x13da3a00,1,1,16384,0.297,0.297
AIV,MOV_OUT_TO_UB,OUT,UB,16384,0x13e43a00,1,1,16384,0.297,0.297
AIV,MOV_OUT_TO_UB,OUT,UB,16384,0x13c67a00,1,1,16384,0.293,0.293
AIV,MOV_OUT_TO_UB,OUT,UB,16384,0x13d07a00,1,1,16384,0.228,0.228
AIV,MOV_OUT_TO_UB,OUT,UB,16384,0x13da7a00,1,1,16384,0.299,0.299
AIV,MOV_OUT_TO_UB,OUT,UB,16384,0x13e47a00,1,1,16384,0.299,0.299
AIV,MOV_OUT_TO_UB,OUT,UB,16384,0x13c6ba00,1,1,16384,0.296,0.296
AIV,MOV_OUT_TO_UB,OUT,UB,16384,0x13d0ba00,1,1,16384,0.253,0.253
AIV,MOV_OUT_TO_UB,OUT,UB,16384,0x13daba00,1,1,16384,0.292,0.292
AIV,MOV_OUT_TO_UB,OUT,UB,16384,0x13e4ba00,1,1,16384,0.271,0.271
AIV,MOV_OUT_TO_UB,OUT,UB,16384,0x13c6fa00,1,1,16384,0.286,0.286
AIV,MOV_OUT_TO_UB,OUT,UB,16384,0x13d0fa00,1,1,16384,0.228,0.228
AIV,MOV_OUT_TO_UB,OUT,UB,16384,0x13dafa00,1,1,16384,0.268,0.268
AIV,MOV_OUT_TO_UB,OUT,UB,16384,0x13e4fa00,1,1,16384,0.228,0.228
AIV,MOV_OUT_TO_UB,OUT,UB,16384,0x13c73a00,1,1,16384,0.286,0.286
AIV,MOV_OUT_TO_UB,OUT,UB,16384,0x13d13a00,1,1,16384,0.282,0.282
AIV,MOV_OUT_TO_UB,OUT,UB,16384,0x13db3a00,1,1,16384,0.228,0.228
AIV,MOV_OUT_TO_UB,OUT,UB,16384,0x13c77a00,1,1,16384,0.297,0.297
AIV,MOV_OUT_TO_UB,OUT,UB,16384,0x13d17a00,1,1,16384,0.296,0.296
AIV,MOV_OUT_TO_UB,OUT,UB,16384,0x13db7a00,1,1,16384,0.228,0.228
AIV,MOV_OUT_TO_UB,OUT,UB,16384,0x13e57a00,1,1,16384,0.228,0.228
AIV,MOV_OUT_TO_UB,OUT,UB,16384,0x13c7ba00,1,1,16384,0.294,0.294
AIV,MOV_OUT_TO_UB,OUT,UB,16384,0x13d1ba00,1,1,16384,0.228,0.228
AIV,MOV_OUT_TO_UB,OUT,UB,16384,0x13dbba00,1,1,16384,0.295,0.295
AIV,MOV_OUT_TO_UB,OUT,UB,16384,0x13e5ba00,1,1,16384,0.253,0.253
AIV,MOV_OUT_TO_UB,OUT,UB,16384,0x13c7fa00,1,1,16384,0.279,0.279
AIV,MOV_OUT_TO_UB,OUT,UB,16384,0x13d1fa00,1,1,16384,0.228,0.228
AIV,MOV_OUT_TO_UB,OUT,UB,16384,0x13dbfa00,1,1,16384,0.298,0.298
AIV,MOV_OUT_TO_UB,OUT,UB,16384,0x13e5fa00,1,1,16384,0.288,0.288
AIV,MOV_OUT_TO_UB,OUT,UB,16384,0x13c83a00,1,1,16384,0.295,0.295
AIV,MOV_OUT_TO_UB,OUT,UB,16384,0x13d23a00,1,1,16384,0.228,0.228
AIV,MOV_OUT_TO_UB,OUT,UB,16384,0x13dc3a00,1,1,16384,0.298,0.298
AIV,MOV_OUT_TO_UB,OUT,UB,16384,0x13e63a00,1,1,16384,0.297,0.297
AIV,MOV_OUT_TO_UB,OUT,UB,16384,0x13c87a00,1,1,16384,0.299,0.299
AIV,MOV_OUT_TO_UB,OUT,UB,16384,0x13d27a00,1,1,16384,0.228,0.228
AIV,MOV_OUT_TO_UB,OUT,UB,16384,0x13dc7a00,1,1,16384,0.291,0.291
AIV,MOV_OUT_TO_UB,OUT,UB,16384,0x13e67a00,1,1,16384,0.299,0.299
AIV,MOV_OUT_TO_UB,OUT,UB,16384,0x13c8ba00,1,1,16384,0.284,0.284
AIV,MOV_OUT_TO_UB,OUT,UB,16384,0x13d2ba00,1,1,16384,0.228,0.228
AIV,MOV_OUT_TO_UB,OUT,UB,16384,0x13dcba00,1,1,16384,0.286,0.286
AIV,MOV_OUT_TO_UB,OUT,UB,16384,0x13e6ba00,1,1,16384,0.248,0.248
AIV,MOV_OUT_TO_UB,OUT,UB,16384,0x13c8fa00,1,1,16384,0.296,0.296
AIV,MOV_OUT_TO_UB,OUT,UB,16384,0x13d2fa00,1,1,16384,0.272,0.272
AIV,MOV_OUT_TO_UB,OUT,UB,16384,0x13dcfa00,1,1,16384,0.296,0.296
AIV,MOV_OUT_TO_UB,OUT,UB,16384,0x13e6fa00,1,1,16384,0.287,0.287
AIV,MOV_OUT_TO_UB,OUT,UB,16384,0x13c93a00,1,1,16384,0.275,0.275
AIV,MOV_OUT_TO_UB,OUT,UB,16384,0x13d33a00,1,1,16384,0.228,0.228
AIV,MOV_OUT_TO_UB,OUT,UB,16384,0x13dd3a00,1,1,16384,0.248,0.248
AIV,MOV_OUT_TO_UB,OUT,UB,16384,0x13e73a00,1,1,16384,0.296,0.296
AIV,MOV_OUT_TO_UB,OUT,UB,16384,0x13c97a00,1,1,16384,0.294,0.294
AIV,MOV_OUT_TO_UB,OUT,UB,16384,0x13d37a00,1,1,16384,0.228,0.228
AIV,MOV_OUT_TO_UB,OUT,UB,16384,0x13dd7a00,1,1,16384,0.287,0.287
AIV,MOV_OUT_TO_UB,OUT,UB,16384,0x13e77a00,1,1,16384,0.286,0.286
AIV,MOV_OUT_TO_UB,OUT,UB,16384,0x13c0ba00,1,1,16384,0.296,0.296
AIV,MOV_OUT_TO_UB,OUT,UB,16384,0x13caba00,1,1,16384,0.272,0.272
AIV,MOV_OUT_TO_UB,OUT,UB,16384,0x13d4ba00,1,1,16384,0.297,0.297
AIV,MOV_OUT_TO_UB,OUT,UB,16384,0x13deba00,1,1,16384,0.287,0.287
AIV,MOV_OUT_TO_UB,OUT,UB,16384,0x13c0fa00,1,1,16384,0.286,0.286
AIV,MOV_OUT_TO_UB,OUT,UB,16384,0x13cafa00,1,1,16384,0.228,0.228
AIV,MOV_OUT_TO_UB,OUT,UB,16384,0x13d4fa00,1,1,16384,0.291,0.291
AIV,MOV_OUT_TO_UB,OUT,UB,16384,0x13defa00,1,1,16384,0.251,0.251
AIV,MOV_OUT_TO_UB,OUT,UB,16384,0x13c13a00,1,1,16384,0.291,0.291
AIV,MOV_OUT_TO_UB,OUT,UB,16384,0x13cb3a00,1,1,16384,0.228,0.228
AIV,MOV_OUT_TO_UB,OUT,UB,16384,0x13d53a00,1,1,16384,0.228,0.228
AIV,MOV_OUT_TO_UB,OUT,UB,16384,0x13df3a00,1,1,16384,0.228,0.228
AIV,MOV_OUT_TO_UB,OUT,UB,16384,0x13c17a00,1,1,16384,0.298,0.298
AIV,MOV_OUT_TO_UB,OUT,UB,16384,0x13cb7a00,1,1,16384,0.23,0.23
AIV,MOV_OUT_TO_UB,OUT,UB,16384,0x13d57a00,1,1,16384,0.228,0.228
AIV,MOV_OUT_TO_UB,OUT,UB,16384,0x13df7a00,1,1,16384,0.228,0.228
AIV,MOV_OUT_TO_UB,OUT,UB,16384,0x13c1ba00,1,1,16384,0.298,0.298
AIV,MOV_OUT_TO_UB,OUT,UB,16384,0x13cbba00,1,1,16384,0.228,0.228
AIV,MOV_OUT_TO_UB,OUT,UB,16384,0x13d5ba00,1,1,16384,0.228,0.228
AIV,MOV_OUT_TO_UB,OUT,UB,16384,0x13dfba00,1,1,16384,0.228,0.228
AIV,MOV_OUT_TO_UB,OUT,UB,16384,0x13c1fa00,1,1,16384,0.295,0.295
AIV,MOV_OUT_TO_UB,OUT,UB,16384,0x13cbfa00,1,1,16384,0.25,0.25
AIV,MOV_OUT_TO_UB,OUT,UB,16384,0x13d5fa00,1,1,16384,0.228,0.228
AIV,MOV_OUT_TO_UB,OUT,UB,16384,0x13dffa00,1,1,16384,0.228,0.228
AIV,MOV_OUT_TO_UB,OUT,UB,16384,0x13c23a00,1,1,16384,0.297,0.297
AIV,MOV_OUT_TO_UB,OUT,UB,16384,0x13cc3a00,1,1,16384,0.228,0.228
AIV,MOV_OUT_TO_UB,OUT,UB,16384,0x13d63a00,1,1,16384,0.228,0.228
AIV,MOV_OUT_TO_UB,OUT,UB,16384,0x13e03a00,1,1,16384,0.228,0.228
AIV,MOV_OUT_TO_UB,OUT,UB,16384,0x13c27a00,1,1,16384,0.291,0.291
AIV,MOV_OUT_TO_UB,OUT,UB,16384,0x13cc7a00,1,1,16384,0.228,0.228
AIV,MOV_OUT_TO_UB,OUT,UB,16384,0x13d67a00,1,1,16384,0.269,0.269
AIV,MOV_OUT_TO_UB,OUT,UB,16384,0x13e07a00,1,1,16384,0.228,0.228
AIV,MOV_OUT_TO_UB,OUT,UB,16384,0x13c2ba00,1,1,16384,0.286,0.286
AIV,MOV_OUT_TO_UB,OUT,UB,16384,0x13ccba00,1,1,16384,0.228,0.228
AIV,MOV_OUT_TO_UB,OUT,UB,16384,0x13d6ba00,1,1,16384,0.253,0.253
AIV,MOV_OUT_TO_UB,OUT,UB,16384,0x13e0ba00,1,1,16384,0.248,0.248
AIV,MOV_OUT_TO_UB,OUT,UB,16384,0x13c2fa00,1,1,16384,0.297,0.297
AIV,MOV_OUT_TO_UB,OUT,UB,16384,0x13ccfa00,1,1,16384,0.228,0.228
AIV,MOV_OUT_TO_UB,OUT,UB,16384,0x13d6fa00,1,1,16384,0.288,0.288
AIV,MOV_OUT_TO_UB,OUT,UB,16384,0x13e0fa00,1,1,16384,0.287,0.287
AIV,MOV_OUT_TO_UB,OUT,UB,16384,0x13c33a00,1,1,16384,0.298,0.298
AIV,MOV_OUT_TO_UB,OUT,UB,16384,0x13cd3a00,1,1,16384,0.228,0.228
AIV,MOV_OUT_TO_UB,OUT,UB,16384,0x13d73a00,1,1,16384,0.246,0.246
AIV,MOV_OUT_TO_UB,OUT,UB,16384,0x13e13a00,1,1,16384,0.298,0.298
AIV,MOV_OUT_TO_UB,OUT,UB,16384,0x13c37a00,1,1,16384,0.295,0.295
AIV,MOV_OUT_TO_UB,OUT,UB,16384,0x13cd7a00,1,1,16384,0.228,0.228
AIV,MOV_OUT_TO_UB,OUT,UB,16384,0x13d77a00,1,1,16384,0.228,0.228
AIV,MOV_OUT_TO_UB,OUT,UB,16384,0x13e17a00,1,1,16384,0.295,0.295
AIV,MOV_OUT_TO_UB,OUT,UB,16384,0x13c3ba00,1,1,16384,0.291,0.291
AIV,MOV_OUT_TO_UB,OUT,UB,16384,0x13cdba00,1,1,16384,0.228,0.228
AIV,MOV_OUT_TO_UB,OUT,UB,16384,0x13d7ba00,1,1,16384,0.297,0.297
AIV,MOV_OUT_TO_UB,OUT,UB,16384,0x13e1ba00,1,1,16384,0.242,0.242
AIV,MOV_OUT_TO_UB,OUT,UB,16384,0x13c3fa00,1,1,16384,0.298,0.298
AIV,MOV_OUT_TO_UB,OUT,UB,16384,0x13cdfa00,1,1,16384,0.228,0.228
AIV,MOV_OUT_TO_UB,OUT,UB,16384,0x13d7fa00,1,1,16384,0.299,0.299
AIV,MOV_OUT_TO_UB,OUT,UB,16384,0x13e1fa00,1,1,16384,0.285,0.285
AIV,MOV_OUT_TO_UB,OUT,UB,16384,0x13c43a00,1,1,16384,0.299,0.299
AIV,MOV_OUT_TO_UB,OUT,UB,16384,0x13ce3a00,1,1,16384,0.228,0.228
AIV,MOV_OUT_TO_UB,OUT,UB,16384,0x13d83a00,1,1,16384,0.299,0.299
AIV,MOV_OUT_TO_UB,OUT,UB,16384,0x13e23a00,1,1,16384,0.297,0.297
AIV,MOV_OUT_TO_UB,OUT,UB,16384,0x13c47a00,1,1,16384,0.297,0.297
AIV,MOV_OUT_TO_UB,OUT,UB,16384,0x13ce7a00,1,1,16384,0.228,0.228
AIV,MOV_OUT_TO_UB,OUT,UB,16384,0x13d87a00,1,1,16384,0.297,0.297
AIV,MOV_OUT_TO_UB,OUT,UB,16384,0x13e27a00,1,1,16384,0.299,0.299
AIV,MOV_OUT_TO_UB,OUT,UB,256,0x1022be48,40,40,10240,0.15685,0.161
AIC,FIX_L0C_TO_DST,L0C32,OUT,4096,0,2,2,8192,0.154,0.154
AIC,MOV_L1_TO_OUT,L1,OUT,128,0,20,20,2560,0.2178,0.229
AIV,MOV_SRC_TO_DST_ALIGN,OUT,UB,512,0x1181ce00,1,1,512,0.357,0.357
AIV,MOV_SRC_TO_DST_ALIGN,OUT,UB,512,0x11830700,1,1,512,0.351,0.351
AIV,MOV_SRC_TO_DST_ALIGN,OUT,UB,512,0x1181e200,1,1,512,0.351,0.351
AIV,MOV_SRC_TO_DST_ALIGN,OUT,UB,512,0x11831b00,1,1,512,0.443,0.443
AIV,MOV_SRC_TO_DST_ALIGN,OUT,UB,512,0x1181f600,1,1,512,0.448,0.448
AIV,MOV_SRC_TO_DST_ALIGN,OUT,UB,512,0x11832f00,1,1,512,0.384,0.384
AIV,MOV_SRC_TO_DST_ALIGN,OUT,UB,512,0x11820a00,1,1,512,0.434,0.434
AIV,MOV_SRC_TO_DST_ALIGN,OUT,UB,512,0x11834300,1,1,512,0.351,0.351
AIV,MOV_SRC_TO_DST_ALIGN,OUT,UB,512,0x11844000,1,1,512,0.358,0.358
AIV,MOV_SRC_TO_DST_ALIGN,OUT,UB,512,0x11857900,1,1,512,0.354,0.354
AIV,MOV_SRC_TO_DST_ALIGN,OUT,UB,512,0x11845400,1,1,512,0.474,0.474
AIV,MOV_SRC_TO_DST_ALIGN,OUT,UB,512,0x11858d00,1,1,512,0.449,0.449
AIV,MOV_SRC_TO_DST_ALIGN,OUT,UB,512,0x11846800,1,1,512,0.484,0.484
AIV,MOV_SRC_TO_DST_ALIGN,OUT,UB,512,0x1185a100,1,1,512,0.458,0.458
AIV,MOV_SRC_TO_DST_ALIGN,OUT,UB,512,0x11847c00,1,1,512,0.371,0.371
AIV,MOV_SRC_TO_DST_ALIGN,OUT,UB,512,0x1185b500,1,1,512,0.378,0.378
AIV,MOV_SRC_TO_DST_ALIGN,OUT,UB,512,0x1181cf00,1,1,512,0.356,0.356
AIV,MOV_SRC_TO_DST_ALIGN,OUT,UB,512,0x11830800,1,1,512,0.352,0.352
AIV,MOV_SRC_TO_DST_ALIGN,OUT,UB,512,0x1181e300,1,1,512,0.475,0.475
AIV,MOV_SRC_TO_DST_ALIGN,OUT,UB,512,0x11831c00,1,1,512,0.245,0.245
AIV,MOV_SRC_TO_DST_ALIGN,OUT,UB,512,0x1181f700,1,1,512,0.485,0.485
AIV,MOV_SRC_TO_DST_ALIGN,OUT,UB,512,0x11833000,1,1,512,0.407,0.407
AIV,MOV_SRC_TO_DST_ALIGN,OUT,UB,512,0x11820b00,1,1,512,0.449,0.449
AIV,MOV_SRC_TO_DST_ALIGN,OUT,UB,512,0x11834400,1,1,512,0.436,0.436
AIV,MOV_SRC_TO_DST_ALIGN,OUT,UB,512,0x11844100,1,1,512,0.359,0.359
AIV,MOV_SRC_TO_DST_ALIGN,OUT,UB,512,0x11857a00,1,1,512,0.352,0.352
AIV,MOV_SRC_TO_DST_ALIGN,OUT,UB,512,0x11845500,1,1,512,0.417,0.417
AIV,MOV_SRC_TO_DST_ALIGN,OUT,UB,512,0x11858e00,1,1,512,0.421,0.421
AIV,MOV_SRC_TO_DST_ALIGN,OUT,UB,512,0x11846900,1,1,512,0.431,0.431
AIV,MOV_SRC_TO_DST_ALIGN,OUT,UB,512,0x1185a200,1,1,512,0.386,0.386
AIV,MOV_SRC_TO_DST_ALIGN,OUT,UB,512,0x11847d00,1,1,512,0.361,0.361
AIV,MOV_SRC_TO_DST_ALIGN,OUT,UB,512,0x1185b600,1,1,512,0.258,0.258
AIV,MOV_SRC_TO_DST_ALIGN,OUT,UB,512,0x1181d800,1,1,512,0.359,0.359
AIV,MOV_SRC_TO_DST_ALIGN,OUT,UB,512,0x11831100,1,1,512,0.352,0.352
AIV,MOV_SRC_TO_DST_ALIGN,OUT,UB,512,0x1181ec00,1,1,512,0.399,0.399
AIV,MOV_SRC_TO_DST_ALIGN,OUT,UB,512,0x11832500,1,1,512,0.432,0.432
AIV,MOV_SRC_TO_DST_ALIGN,OUT,UB,512,0x11820000,1,1,512,0.452,0.452
AIV,MOV_SRC_TO_DST_ALIGN,OUT,UB,512,0x11833900,1,1,512,0.437,0.437
AIV,MOV_SRC_TO_DST_ALIGN,OUT,UB,512,0x11821400,1,1,512,0.429,0.429
AIV,MOV_SRC_TO_DST_ALIGN,OUT,UB,512,0x11834d00,1,1,512,0.473,0.473
AIV,MOV_SRC_TO_DST_ALIGN,OUT,UB,512,0x11844a00,1,1,512,0.361,0.361
AIV,MOV_SRC_TO_DST_ALIGN,OUT,UB,512,0x11858300,1,1,512,0.352,0.352
AIV,MOV_SRC_TO_DST_ALIGN,OUT,UB,512,0x11845e00,1,1,512,0.496,0.496
AIV,MOV_SRC_TO_DST_ALIGN,OUT,UB,512,0x11859700,1,1,512,0.427,0.427
AIV,MOV_SRC_TO_DST_ALIGN,OUT,UB,512,0x11847200,1,1,512,0.453,0.453
AIV,MOV_SRC_TO_DST_ALIGN,OUT,UB,512,0x1185ab00,1,1,512,0.457,0.457
AIV,MOV_SRC_TO_DST_ALIGN,OUT,UB,512,0x11848600,1,1,512,0.485,0.485
AIV,MOV_SRC_TO_DST_ALIGN,OUT,UB,512,0x1185bf00,1,1,512,0.351,0.351
AIV,MOV_SRC_TO_DST_ALIGN,OUT,UB,512,0x1181d900,1,1,512,0.359,0.359
AIV,MOV_SRC_TO_DST_ALIGN,OUT,UB,512,0x11831200,1,1,512,0.356,0.356
AIV,MOV_SRC_TO_DST_ALIGN,OUT,UB,512,0x1181ed00,1,1,512,0.438,0.438
AIV,MOV_SRC_TO_DST_ALIGN,OUT,UB,512,0x11832600,1,1,512,0.429,0.429
AIV,MOV_SRC_TO_DST_ALIGN,OUT,UB,512,0x11820100,1,1,512,0.484,0.484
AIV,MOV_SRC_TO_DST_ALIGN,OUT,UB,512,0x11833a00,1,1,512,0.412,0.412
AIV,MOV_SRC_TO_DST_ALIGN,OUT,UB,512,0x11821500,1,1,512,0.368,0.368
AIV,MOV_SRC_TO_DST_ALIGN,OUT,UB,512,0x11834e00,1,1,512,0.382,0.382
AIV,MOV_SRC_TO_DST_ALIGN,OUT,UB,512,0x11844b00,1,1,512,0.359,0.359
AIV,MOV_SRC_TO_DST_ALIGN,OUT,UB,512,0x11858400,1,1,512,0.355,0.355
AIV,MOV_SRC_TO_DST_ALIGN,OUT,UB,512,0x11845f00,1,1,512,0.397,0.397
AIV,MOV_SRC_TO_DST_ALIGN,OUT,UB,512,0x11859800,1,1,512,0.345,0.345
AIV,MOV_SRC_TO_DST_ALIGN,OUT,UB,512,0x11847300,1,1,512,0.479,0.479
AIV,MOV_SRC_TO_DST_ALIGN,OUT,UB,512,0x1185ac00,1,1,512,0.217,0.217
AIV,MOV_SRC_TO_DST_ALIGN,OUT,UB,512,0x11848700,1,1,512,0.362,0.362
AIV,MOV_SRC_TO_DST_ALIGN,OUT,UB,512,0x1181da00,1,1,512,0.362,0.362
AIV,MOV_SRC_TO_DST_ALIGN,OUT,UB,512,0x11831300,1,1,512,0.354,0.354
AIV,MOV_SRC_TO_DST_ALIGN,OUT,UB,512,0x1181ee00,1,1,512,0.469,0.469
AIV,MOV_SRC_TO_DST_ALIGN,OUT,UB,512,0x11832700,1,1,512,0.449,0.449
AIV,MOV_SRC_TO_DST_ALIGN,OUT,UB,512,0x11820200,1,1,512,0.484,0.484
AIV,MOV_SRC_TO_DST_ALIGN,OUT,UB,512,0x11833b00,1,1,512,0.478,0.478
AIV,MOV_SRC_TO_DST_ALIGN,OUT,UB,512,0x11821600,1,1,512,0.374,0.374
AIV,MOV_SRC_TO_DST_ALIGN,OUT,UB,512,0x11834f00,1,1,512,0.379,0.379
AIV,MOV_SRC_TO_DST_ALIGN,OUT,UB,512,0x11844c00,1,1,512,0.359,0.359
AIV,MOV_SRC_TO_DST_ALIGN,OUT,UB,512,0x11858500,1,1,512,0.351,0.351
AIV,MOV_SRC_TO_DST_ALIGN,OUT,UB,512,0x11846000,1,1,512,0.351,0.351
AIV,MOV_SRC_TO_DST_ALIGN,OUT,UB,512,0x11859900,1,1,512,0.439,0.439
AIV,MOV_SRC_TO_DST_ALIGN,OUT,UB,512,0x11847400,1,1,512,0.427,0.427
AIV,MOV_SRC_TO_DST_ALIGN,OUT,UB,512,0x1185ad00,1,1,512,0.409,0.409
AIV,MOV_SRC_TO_DST_ALIGN,OUT,UB,512,0x11848800,1,1,512,0.442,0.442
AIV,MOV_SRC_TO_DST_ALIGN,OUT,UB,512,0x1185c100,1,1,512,0.351,0.351
AIV,MOV_SRC_TO_DST_ALIGN,OUT,UB,512,0x1181db00,1,1,512,0.356,0.356
AIV,MOV_SRC_TO_DST_ALIGN,OUT,UB,512,0x11831400,1,1,512,0.356,0.356
AIV,MOV_SRC_TO_DST_ALIGN,OUT,UB,512,0x1181ef00,1,1,512,0.493,0.493
AIV,MOV_SRC_TO_DST_ALIGN,OUT,UB,512,0x11832800,1,1,512,0.429,0.429
AIV,MOV_SRC_TO_DST_ALIGN,OUT,UB,512,0x11820300,1,1,512,0.53,0.53
AIV,MOV_SRC_TO_DST_ALIGN,OUT,UB,512,0x11833c00,1,1,512,0.431,0.431
AIV,MOV_SRC_TO_DST_ALIGN,OUT,UB,512,0x11821700,1,1,512,0.509,0.509
AIV,MOV_SRC_TO_DST_ALIGN,OUT,UB,512,0x11844d00,1,1,512,0.357,0.357
AIV,MOV_SRC_TO_DST_ALIGN,OUT,UB,512,0x11858600,1,1,512,0.356,0.356
AIV,MOV_SRC_TO_DST_ALIGN,OUT,UB,512,0x11846100,1,1,512,0.538,0.538
AIV,MOV_SRC_TO_DST_ALIGN,OUT,UB,512,0x11859a00,1,1,512,0.431,0.431
AIV,MOV_SRC_TO_DST_ALIGN,OUT,UB,512,0x11847500,1,1,512,0.53,0.53
AIV,MOV_SRC_TO_DST_ALIGN,OUT,UB,512,0x1185ae00,1,1,512,0.432,0.432
AIV,MOV_SRC_TO_DST_ALIGN,OUT,UB,512,0x11848900,1,1,512,0.509,0.509
AIV,MOV_SRC_TO_DST_ALIGN,OUT,UB,512,0x1181dc00,1,1,512,0.36,0.36
AIV,MOV_SRC_TO_DST_ALIGN,OUT,UB,512,0x11831500,1,1,512,0.352,0.352
AIV,MOV_SRC_TO_DST_ALIGN,OUT,UB,512,0x1181f000,1,1,512,0.489,0.489
AIV,MOV_SRC_TO_DST_ALIGN,OUT,UB,512,0x11832900,1,1,512,0.427,0.427
AIV,MOV_SRC_TO_DST_ALIGN,OUT,UB,512,0x11820400,1,1,512,0.529,0.529
AIV,MOV_SRC_TO_DST_ALIGN,OUT,UB,512,0x11833d00,1,1,512,0.431,0.431
AIV,MOV_SRC_TO_DST_ALIGN,OUT,UB,512,0x11821800,1,1,512,0.497,0.497
AIV,MOV_SRC_TO_DST_ALIGN,OUT,UB,512,0x11844e00,1,1,512,0.36,0.36
AIV,MOV_SRC_TO_DST_ALIGN,OUT,UB,512,0x11858700,1,1,512,0.351,0.351
AIV,MOV_SRC_TO_DST_ALIGN,OUT,UB,512,0x11846200,1,1,512,0.534,0.534
AIV,MOV_SRC_TO_DST_ALIGN,OUT,UB,512,0x11859b00,1,1,512,0.427,0.427
AIV,MOV_SRC_TO_DST_ALIGN,OUT,UB,512,0x11847600,1,1,512,0.316,0.316
AIV,MOV_SRC_TO_DST_ALIGN,OUT,UB,512,0x1185af00,1,1,512,0.432,0.432
AIV,MOV_SRC_TO_DST_ALIGN,OUT,UB,512,0x11848a00,1,1,512,0.525,0.525
AIV,MOV_SRC_TO_DST_ALIGN,OUT,UB,512,0x1181dd00,1,1,512,0.35,0.35
AIV,MOV_SRC_TO_DST_ALIGN,OUT,UB,512,0x11831600,1,1,512,0.352,0.352
AIV,MOV_SRC_TO_DST_ALIGN,OUT,UB,512,0x1181f100,1,1,512,0.404,0.404
AIV,MOV_SRC_TO_DST_ALIGN,OUT,UB,512,0x11832a00,1,1,512,0.347,0.347
AIV,MOV_SRC_TO_DST_ALIGN,OUT,UB,512,0x11820500,1,1,512,0.349,0.349
AIV,MOV_SRC_TO_DST_ALIGN,OUT,UB,512,0x11833e00,1,1,512,0.217,0.217
AIV,MOV_SRC_TO_DST_ALIGN,OUT,UB,512,0x11844f00,1,1,512,0.351,0.351
AIV,MOV_SRC_TO_DST_ALIGN,OUT,UB,512,0x11858800,1,1,512,0.218,0.218
AIV,MOV_SRC_TO_DST_ALIGN,OUT,UB,512,0x11846300,1,1,512,0.406,0.406
AIV,MOV_SRC_TO_DST_ALIGN,OUT,UB,512,0x11859c00,1,1,512,0.217,0.217
AIV,MOV_SRC_TO_DST_ALIGN,OUT,UB,512,0x11847700,1,1,512,0.38,0.38
AIV,MOV_SRC_TO_DST_ALIGN,OUT,UB,512,0x1185b000,1,1,512,0.487,0.487
AIV,MOV_SRC_TO_DST_ALIGN,OUT,UB,512,0x11848b00,1,1,512,0.361,0.361
AIV,MOV_SRC_TO_DST_ALIGN,OUT,UB,512,0x1181de00,1,1,512,0.359,0.359
AIV,MOV_SRC_TO_DST_ALIGN,OUT,UB,512,0x11831700,1,1,512,0.351,0.351
AIV,MOV_SRC_TO_DST_ALIGN,OUT,UB,512,0x1181f200,1,1,512,0.355,0.355
AIV,MOV_SRC_TO_DST_ALIGN,OUT,UB,512,0x11832b00,1,1,512,0.447,0.447
AIV,MOV_SRC_TO_DST_ALIGN,OUT,UB,512,0x11820600,1,1,512,0.529,0.529
AIV,MOV_SRC_TO_DST_ALIGN,OUT,UB,512,0x11833f00,1,1,512,0.351,0.351
AIV,MOV_SRC_TO_DST_ALIGN,OUT,UB,512,0x11821a00,1,1,512,0.454,0.454
AIV,MOV_SRC_TO_DST_ALIGN,OUT,UB,512,0x11845000,1,1,512,0.361,0.361
AIV,MOV_SRC_TO_DST_ALIGN,OUT,UB,512,0x11858900,1,1,512,0.352,0.352
AIV,MOV_SRC_TO_DST_ALIGN,OUT,UB,512,0x11846400,1,1,512,0.483,0.483
AIV,MOV_SRC_TO_DST_ALIGN,OUT,UB,512,0x11859d00,1,1,512,0.447,0.447
AIV,MOV_SRC_TO_DST_ALIGN,OUT,UB,512,0x11847800,1,1,512,0.529,0.529
AIV,MOV_SRC_TO_DST_ALIGN,OUT,UB,512,0x1185b100,1,1,512,0.352,0.352
AIV,MOV_SRC_TO_DST_ALIGN,OUT,UB,512,0x11848c00,1,1,512,0.443,0.443
AIV,MOV_SRC_TO_DST_ALIGN,OUT,UB,512,0x1181df00,1,1,512,0.357,0.357
AIV,MOV_SRC_TO_DST_ALIGN,OUT,UB,512,0x11831800,1,1,512,0.356,0.356
AIV,MOV_SRC_TO_DST_ALIGN,OUT,UB,512,0x1181f300,1,1,512,0.481,0.481
AIV,MOV_SRC_TO_DST_ALIGN,OUT,UB,512,0x11832c00,1,1,512,0.421,0.421
AIV,MOV_SRC_TO_DST_ALIGN,OUT,UB,512,0x11820700,1,1,512,0.527,0.527
AIV,MOV_SRC_TO_DST_ALIGN,OUT,UB,512,0x11834000,1,1,512,0.332,0.332
AIV,MOV_SRC_TO_DST_ALIGN,OUT,UB,512,0x11821b00,1,1,512,0.448,0.448
AIV,MOV_SRC_TO_DST_ALIGN,OUT,UB,512,0x11845100,1,1,512,0.358,0.358
AIV,MOV_SRC_TO_DST_ALIGN,OUT,UB,512,0x11858a00,1,1,512,0.356,0.356
AIV,MOV_SRC_TO_DST_ALIGN,OUT,UB,512,0x11846500,1,1,512,0.354,0.354
AIV,MOV_SRC_TO_DST_ALIGN,OUT,UB,512,0x11859e00,1,1,512,0.449,0.449
AIV,MOV_SRC_TO_DST_ALIGN,OUT,UB,512,0x11847900,1,1,512,0.529,0.529
AIV,MOV_SRC_TO_DST_ALIGN,OUT,UB,512,0x1185b200,1,1,512,0.352,0.352
AIV,MOV_SRC_TO_DST_ALIGN,OUT,UB,512,0x11848d00,1,1,512,0.447,0.447
AIV,MOV_SRC_TO_DST_ALIGN,OUT,UB,512,0x1181e000,1,1,512,0.359,0.359
AIV,MOV_SRC_TO_DST_ALIGN,OUT,UB,512,0x11831900,1,1,512,0.354,0.354
AIV,MOV_SRC_TO_DST_ALIGN,OUT,UB,512,0x1181f400,1,1,512,0.524,0.524
AIV,MOV_SRC_TO_DST_ALIGN,OUT,UB,512,0x11832d00,1,1,512,0.427,0.427
AIV,MOV_SRC_TO_DST_ALIGN,OUT,UB,512,0x11820800,1,1,512,0.534,0.534
AIV,MOV_SRC_TO_DST_ALIGN,OUT,UB,512,0x11834100,1,1,512,0.429,0.429
AIV,MOV_SRC_TO_DST_ALIGN,OUT,UB,512,0x11821c00,1,1,512,0.516,0.516
AIV,MOV_SRC_TO_DST_ALIGN,OUT,UB,512,0x11845200,1,1,512,0.359,0.359
AIV,MOV_SRC_TO_DST_ALIGN,OUT,UB,512,0x11858b00,1,1,512,0.352,0.352
AIV,MOV_SRC_TO_DST_ALIGN,OUT,UB,512,0x11846600,1,1,512,0.498,0.498
AIV,MOV_SRC_TO_DST_ALIGN,OUT,UB,512,0x11859f00,1,1,512,0.427,0.427
AIV,MOV_SRC_TO_DST_ALIGN,OUT,UB,512,0x11847a00,1,1,512,0.532,0.532
AIV,MOV_SRC_TO_DST_ALIGN,OUT,UB,512,0x1185b300,1,1,512,0.429,0.429
AIV,MOV_SRC_TO_DST_ALIGN,OUT,UB,512,0x11848e00,1,1,512,0.504,0.504
AIV,MOV_SRC_TO_DST_ALIGN,OUT,UB,512,0x1181e100,1,1,512,0.36,0.36
AIV,MOV_SRC_TO_DST_ALIGN,OUT,UB,512,0x11831a00,1,1,512,0.217,0.217
AIV,MOV_SRC_TO_DST_ALIGN,OUT,UB,512,0x1181f500,1,1,512,0.484,0.484
AIV,MOV_SRC_TO_DST_ALIGN,OUT,UB,512,0x11832e00,1,1,512,0.421,0.421
AIV,MOV_SRC_TO_DST_ALIGN,OUT,UB,512,0x11820900,1,1,512,0.534,0.534
AIV,MOV_SRC_TO_DST_ALIGN,OUT,UB,512,0x11834200,1,1,512,0.352,0.352
AIV,MOV_SRC_TO_DST_ALIGN,OUT,UB,512,0x11821d00,1,1,512,0.531,0.531
AIV,MOV_SRC_TO_DST_ALIGN,OUT,UB,512,0x11845300,1,1,512,0.358,0.358
AIV,MOV_SRC_TO_DST_ALIGN,OUT,UB,512,0x11858c00,1,1,512,0.353,0.353
AIV,MOV_SRC_TO_DST_ALIGN,OUT,UB,512,0x11846700,1,1,512,0.361,0.361
AIV,MOV_SRC_TO_DST_ALIGN,OUT,UB,512,0x1185a000,1,1,512,0.449,0.449
AIV,MOV_SRC_TO_DST_ALIGN,OUT,UB,512,0x11847b00,1,1,512,0.522,0.522
AIV,MOV_SRC_TO_DST_ALIGN,OUT,UB,512,0x1185b400,1,1,512,0.351,0.351
AIV,MOV_SRC_TO_DST_ALIGN,OUT,UB,512,0x11848f00,1,1,512,0.533,0.533
AIV,MOV_SRC_TO_DST_ALIGN,OUT,UB,512,0x1181d000,1,1,512,0.358,0.358
AIV,MOV_SRC_TO_DST_ALIGN,OUT,UB,512,0x11830900,1,1,512,0.352,0.352
AIV,MOV_SRC_TO_DST_ALIGN,OUT,UB,512,0x1181e400,1,1,512,0.502,0.502
AIV,MOV_SRC_TO_DST_ALIGN,OUT,UB,512,0x11831d00,1,1,512,0.425,0.425
AIV,MOV_SRC_TO_DST_ALIGN,OUT,UB,512,0x1181f800,1,1,512,0.532,0.532
AIV,MOV_SRC_TO_DST_ALIGN,OUT,UB,512,0x11833100,1,1,512,0.427,0.427
AIV,MOV_SRC_TO_DST_ALIGN,OUT,UB,512,0x11820c00,1,1,512,0.504,0.504
AIV,MOV_SRC_TO_DST_ALIGN,OUT,UB,512,0x11844200,1,1,512,0.217,0.217
AIV,MOV_SRC_TO_DST_ALIGN,OUT,UB,512,0x11857b00,1,1,512,0.354,0.354
AIV,MOV_SRC_TO_DST_ALIGN,OUT,UB,512,0x11845600,1,1,512,0.529,0.529
AIV,MOV_SRC_TO_DST_ALIGN,OUT,UB,512,0x11858f00,1,1,512,0.427,0.427
AIV,MOV_SRC_TO_DST_ALIGN,OUT,UB,512,0x11846a00,1,1,512,0.533,0.533
AIV,MOV_SRC_TO_DST_ALIGN,OUT,UB,512,0x1185a300,1,1,512,0.429,0.429
AIV,MOV_SRC_TO_DST_ALIGN,OUT,UB,512,0x11847e00,1,1,512,0.515,0.515
AIV,MOV_SRC_TO_DST_ALIGN,OUT,UB,512,0x1181d100,1,1,512,0.36,0.36
AIV,MOV_SRC_TO_DST_ALIGN,OUT,UB,512,0x11830a00,1,1,512,0.354,0.354
AIV,MOV_SRC_TO_DST_ALIGN,OUT,UB,512,0x1181e500,1,1,512,0.404,0.404
AIV,MOV_SRC_TO_DST_ALIGN,OUT,UB,512,0x11831e00,1,1,512,0.442,0.442
AIV,MOV_SRC_TO_DST_ALIGN,OUT,UB,512,0x1181f900,1,1,512,0.473,0.473
AIV,MOV_SRC_TO_DST_ALIGN,OUT,UB,512,0x11833200,1,1,512,0.441,0.441
AIV,MOV_SRC_TO_DST_ALIGN,OUT,UB,512,0x11820d00,1,1,512,0.449,0.449
AIV,MOV_SRC_TO_DST_ALIGN,OUT,UB,512,0x11834600,1,1,512,0.318,0.318
AIV,MOV_SRC_TO_DST_ALIGN,OUT,UB,512,0x11844300,1,1,512,0.361,0.361
AIV,MOV_SRC_TO_DST_ALIGN,OUT,UB,512,0x11857c00,1,1,512,0.354,0.354
AIV,MOV_SRC_TO_DST_ALIGN,OUT,UB,512,0x11845700,1,1,512,0.484,0.484
AIV,MOV_SRC_TO_DST_ALIGN,OUT,UB,512,0x11859000,1,1,512,0.299,0.299
AIV,MOV_SRC_TO_DST_ALIGN,OUT,UB,512,0x11846b00,1,1,512,0.468,0.468
AIV,MOV_SRC_TO_DST_ALIGN,OUT,UB,512,0x1185a400,1,1,512,0.461,0.461
AIV,MOV_SRC_TO_DST_ALIGN,OUT,UB,512,0x11847f00,1,1,512,0.38,0.38
AIV,MOV_SRC_TO_DST_ALIGN,OUT,UB,512,0x1185b800,1,1,512,0.298,0.298
AIV,MOV_SRC_TO_DST_ALIGN,OUT,UB,512,0x1181d200,1,1,512,0.36,0.36
AIV,MOV_SRC_TO_DST_ALIGN,OUT,UB,512,0x11830b00,1,1,512,0.353,0.353
AIV,MOV_SRC_TO_DST_ALIGN,OUT,UB,512,0x1181e600,1,1,512,0.401,0.401
AIV,MOV_SRC_TO_DST_ALIGN,OUT,UB,512,0x11831f00,1,1,512,0.429,0.429
AIV,MOV_SRC_TO_DST_ALIGN,OUT,UB,512,0x1181fa00,1,1,512,0.461,0.461
AIV,MOV_SRC_TO_DST_ALIGN,OUT,UB,512,0x11833300,1,1,512,0.458,0.458
AIV,MOV_SRC_TO_DST_ALIGN,OUT,UB,512,0x11820e00,1,1,512,0.36,0.36
AIV,MOV_SRC_TO_DST_ALIGN,OUT,UB,512,0x11834700,1,1,512,0.35,0.35
AIV,MOV_SRC_TO_DST_ALIGN,OUT,UB,512,0x11844400,1,1,512,0.361,0.361
AIV,MOV_SRC_TO_DST_ALIGN,OUT,UB,512,0x11857d00,1,1,512,0.352,0.352
AIV,MOV_SRC_TO_DST_ALIGN,OUT,UB,512,0x11845800,1,1,512,0.355,0.355
AIV,MOV_SRC_TO_DST_ALIGN,OUT,UB,512,0x11859100,1,1,512,0.434,0.434
AIV,MOV_SRC_TO_DST_ALIGN,OUT,UB,512,0x11846c00,1,1,512,0.465,0.465
AIV,MOV_SRC_TO_DST_ALIGN,OUT,UB,512,0x1185a500,1,1,512,0.437,0.437
AIV,MOV_SRC_TO_DST_ALIGN,OUT,UB,512,0x11848000,1,1,512,0.468,0.468
AIV,MOV_SRC_TO_DST_ALIGN,OUT,UB,512,0x1185b900,1,1,512,0.433,0.433
AIV,MOV_SRC_TO_DST_ALIGN,OUT,UB,512,0x1181d300,1,1,512,0.357,0.357
AIV,MOV_SRC_TO_DST_ALIGN,OUT,UB,512,0x11830c00,1,1,512,0.353,0.353
AIV,MOV_SRC_TO_DST_ALIGN,OUT,UB,512,0x1181e700,1,1,512,0.477,0.477
AIV,MOV_SRC_TO_DST_ALIGN,OUT,UB,512,0x11832000,1,1,512,0.421,0.421
AIV,MOV_SRC_TO_DST_ALIGN,OUT,UB,512,0x1181fb00,1,1,512,0.488,0.488
AIV,MOV_SRC_TO_DST_ALIGN,OUT,UB,512,0x11833400,1,1,512,0.385,0.385
AIV,MOV_SRC_TO_DST_ALIGN,OUT,UB,512,0x11820f00,1,1,512,0.463,0.463
AIV,MOV_SRC_TO_DST_ALIGN,OUT,UB,512,0x11834800,1,1,512,0.298,0.298
AIV,MOV_SRC_TO_DST_ALIGN,OUT,UB,512,0x11844500,1,1,512,0.358,0.358
AIV,MOV_SRC_TO_DST_ALIGN,OUT,UB,512,0x11857e00,1,1,512,0.354,0.354
AIV,MOV_SRC_TO_DST_ALIGN,OUT,UB,512,0x11845900,1,1,512,0.351,0.351
AIV,MOV_SRC_TO_DST_ALIGN,OUT,UB,512,0x11859200,1,1,512,0.449,0.449
AIV,MOV_SRC_TO_DST_ALIGN,OUT,UB,512,0x11846d00,1,1,512,0.512,0.512
AIV,MOV_SRC_TO_DST_ALIGN,OUT,UB,512,0x1185a600,1,1,512,0.333,0.333
AIV,MOV_SRC_TO_DST_ALIGN,OUT,UB,512,0x11848100,1,1,512,0.485,0.485
AIV,MOV_SRC_TO_DST_ALIGN,OUT,UB,512,0x1185ba00,1,1,512,0.237,0.237
AIV,MOV_SRC_TO_DST_ALIGN,OUT,UB,512,0x1181d400,1,1,512,0.361,0.361
AIV,MOV_SRC_TO_DST_ALIGN,OUT,UB,512,0x11830d00,1,1,512,0.351,0.351
AIV,MOV_SRC_TO_DST_ALIGN,OUT,UB,512,0x1181e800,1,1,512,0.482,0.482
AIV,MOV_SRC_TO_DST_ALIGN,OUT,UB,512,0x11832100,1,1,512,0.449,0.449
AIV,MOV_SRC_TO_DST_ALIGN,OUT,UB,512,0x1181fc00,1,1,512,0.534,0.534
AIV,MOV_SRC_TO_DST_ALIGN,OUT,UB,512,0x11833500,1,1,512,0.351,0.351
AIV,MOV_SRC_TO_DST_ALIGN,OUT,UB,512,0x11821000,1,1,512,0.456,0.456
AIV,MOV_SRC_TO_DST_ALIGN,OUT,UB,512,0x11844600,1,1,512,0.359,0.359
AIV,MOV_SRC_TO_DST_ALIGN,OUT,UB,512,0x11857f00,1,1,512,0.352,0.352
AIV,MOV_SRC_TO_DST_ALIGN,OUT,UB,512,0x11845a00,1,1,512,0.354,0.354
AIV,MOV_SRC_TO_DST_ALIGN,OUT,UB,512,0x11859300,1,1,512,0.447,0.447
AIV,MOV_SRC_TO_DST_ALIGN,OUT,UB,512,0x11846e00,1,1,512,0.523,0.523
AIV,MOV_SRC_TO_DST_ALIGN,OUT,UB,512,0x1185a700,1,1,512,0.351,0.351
AIV,MOV_SRC_TO_DST_ALIGN,OUT,UB,512,0x11848200,1,1,512,0.444,0.444
AIV,MOV_SRC_TO_DST_ALIGN,OUT,UB,512,0x1181d500,1,1,512,0.355,0.355
AIV,MOV_SRC_TO_DST_ALIGN,OUT,UB,512,0x11830e00,1,1,512,0.355,0.355
AIV,MOV_SRC_TO_DST_ALIGN,OUT,UB,512,0x1181e900,1,1,512,0.351,0.351
AIV,MOV_SRC_TO_DST_ALIGN,OUT,UB,512,0x11832200,1,1,512,0.447,0.447
AIV,MOV_SRC_TO_DST_ALIGN,OUT,UB,512,0x1181fd00,1,1,512,0.472,0.472
AIV,MOV_SRC_TO_DST_ALIGN,OUT,UB,512,0x11833600,1,1,512,0.218,0.218
AIV,MOV_SRC_TO_DST_ALIGN,OUT,UB,512,0x11821100,1,1,512,0.411,0.411
AIV,MOV_SRC_TO_DST_ALIGN,OUT,UB,512,0x11844700,1,1,512,0.355,0.355
AIV,MOV_SRC_TO_DST_ALIGN,OUT,UB,512,0x11858000,1,1,512,0.356,0.356
AIV,MOV_SRC_TO_DST_ALIGN,OUT,UB,512,0x11845b00,1,1,512,0.476,0.476
AIV,MOV_SRC_TO_DST_ALIGN,OUT,UB,512,0x11859400,1,1,512,0.419,0.419
AIV,MOV_SRC_TO_DST_ALIGN,OUT,UB,512,0x11846f00,1,1,512,0.525,0.525
AIV,MOV_SRC_TO_DST_ALIGN,OUT,UB,512,0x1185a800,1,1,512,0.217,0.217
AIV,MOV_SRC_TO_DST_ALIGN,OUT,UB,512,0x11848300,1,1,512,0.406,0.406
AIV,MOV_SRC_TO_DST_ALIGN,OUT,UB,512,0x1181d600,1,1,512,0.357,0.357
AIV,MOV_SRC_TO_DST_ALIGN,OUT,UB,512,0x11830f00,1,1,512,0.353,0.353
AIV,MOV_SRC_TO_DST_ALIGN,OUT,UB,512,0x1181ea00,1,1,512,0.352,0.352
AIV,MOV_SRC_TO_DST_ALIGN,OUT,UB,512,0x11832300,1,1,512,0.449,0.449
AIV,MOV_SRC_TO_DST_ALIGN,OUT,UB,512,0x1181fe00,1,1,512,0.528,0.528
AIV,MOV_SRC_TO_DST_ALIGN,OUT,UB,512,0x11833700,1,1,512,0.351,0.351
AIV,MOV_SRC_TO_DST_ALIGN,OUT,UB,512,0x11821200,1,1,512,0.456,0.456
AIV,MOV_SRC_TO_DST_ALIGN,OUT,UB,512,0x11844800,1,1,512,0.357,0.357
AIV,MOV_SRC_TO_DST_ALIGN,OUT,UB,512,0x11858100,1,1,512,0.354,0.354
AIV,MOV_SRC_TO_DST_ALIGN,OUT,UB,512,0x11845c00,1,1,512,0.479,0.479
AIV,MOV_SRC_TO_DST_ALIGN,OUT,UB,512,0x11859500,1,1,512,0.447,0.447
AIV,MOV_SRC_TO_DST_ALIGN,OUT,UB,512,0x11847000,1,1,512,0.529,0.529
AIV,MOV_SRC_TO_DST_ALIGN,OUT,UB,512,0x1185a900,1,1,512,0.351,0.351
AIV,MOV_SRC_TO_DST_ALIGN,OUT,UB,512,0x11848400,1,1,512,0.442,0.442
AIV,MOV_SRC_TO_DST_ALIGN,OUT,UB,512,0x1181d700,1,1,512,0.358,0.358
AIV,MOV_SRC_TO_DST_ALIGN,OUT,UB,512,0x11831000,1,1,512,0.351,0.351
AIV,MOV_SRC_TO_DST_ALIGN,OUT,UB,512,0x1181eb00,1,1,512,0.483,0.483
AIV,MOV_SRC_TO_DST_ALIGN,OUT,UB,512,0x11832400,1,1,512,0.452,0.452
AIV,MOV_SRC_TO_DST_ALIGN,OUT,UB,512,0x1181ff00,1,1,512,0.527,0.527
AIV,MOV_SRC_TO_DST_ALIGN,OUT,UB,512,0x11833800,1,1,512,0.332,0.332
AIV,MOV_SRC_TO_DST_ALIGN,OUT,UB,512,0x11821300,1,1,512,0.447,0.447
AIV,MOV_SRC_TO_DST_ALIGN,OUT,UB,512,0x11844900,1,1,512,0.359,0.359
AIV,MOV_SRC_TO_DST_ALIGN,OUT,UB,512,0x11858200,1,1,512,0.353,0.353
AIV,MOV_SRC_TO_DST_ALIGN,OUT,UB,512,0x11845d00,1,1,512,0.357,0.357
AIV,MOV_SRC_TO_DST_ALIGN,OUT,UB,512,0x11859600,1,1,512,0.421,0.421
AIV,MOV_SRC_TO_DST_ALIGN,OUT,UB,512,0x11847100,1,1,512,0.528,0.528
AIV,MOV_SRC_TO_DST_ALIGN,OUT,UB,512,0x1185aa00,1,1,512,0.351,0.351
AIV,MOV_SRC_TO_DST_ALIGN,OUT,UB,512,0x11848500,1,1,512,0.447,0.447
AIV,MOV_SRC_TO_DST_ALIGN,OUT,UB,256,0x117f5a00,1,1,256,0.356,0.356
AIV,MOV_SRC_TO_DST_ALIGN,OUT,UB,256,0x117ff680,1,1,256,0.351,0.351
AIV,MOV_SRC_TO_DST_ALIGN,OUT,UB,256,0x117f6400,1,1,256,0.35,0.35
AIV,MOV_SRC_TO_DST_ALIGN,OUT,UB,256,0x11800080,1,1,256,0.443,0.443
AIV,MOV_SRC_TO_DST_ALIGN,OUT,UB,256,0x117f6e00,1,1,256,0.447,0.447
AIV,MOV_SRC_TO_DST_ALIGN,OUT,UB,256,0x11800a80,1,1,256,0.384,0.384
AIV,MOV_SRC_TO_DST_ALIGN,OUT,UB,256,0x117f7800,1,1,256,0.433,0.433
AIV,MOV_SRC_TO_DST_ALIGN,OUT,UB,256,0x11801480,1,1,256,0.351,0.351
AIV,MOV_SRC_TO_DST_ALIGN,OUT,UB,256,0x11809300,1,1,256,0.357,0.357
AIV,MOV_SRC_TO_DST_ALIGN,OUT,UB,256,0x11812f80,1,1,256,0.354,0.354
AIV,MOV_SRC_TO_DST_ALIGN,OUT,UB,256,0x11809d00,1,1,256,0.473,0.473
AIV,MOV_SRC_TO_DST_ALIGN,OUT,UB,256,0x11813980,1,1,256,0.449,0.449
AIV,MOV_SRC_TO_DST_ALIGN,OUT,UB,256,0x1180a700,1,1,256,0.483,0.483
AIV,MOV_SRC_TO_DST_ALIGN,OUT,UB,256,0x11814380,1,1,256,0.458,0.458
AIV,MOV_SRC_TO_DST_ALIGN,OUT,UB,256,0x1180b100,1,1,256,0.369,0.369
AIV,MOV_SRC_TO_DST_ALIGN,OUT,UB,256,0x11814d80,1,1,256,0.379,0.379
AIV,MOV_SRC_TO_DST_ALIGN,OUT,UB,256,0x117f5a80,1,1,256,0.355,0.355
AIV,MOV_SRC_TO_DST_ALIGN,OUT,UB,256,0x117ff700,1,1,256,0.352,0.352
AIV,MOV_SRC_TO_DST_ALIGN,OUT,UB,256,0x117f6480,1,1,256,0.474,0.474
AIV,MOV_SRC_TO_DST_ALIGN,OUT,UB,256,0x11800100,1,1,256,0.245,0.245
AIV,MOV_SRC_TO_DST_ALIGN,OUT,UB,256,0x117f6e80,1,1,256,0.484,0.484
AIV,MOV_SRC_TO_DST_ALIGN,OUT,UB,256,0x11800b00,1,1,256,0.407,0.407
AIV,MOV_SRC_TO_DST_ALIGN,OUT,UB,256,0x117f7880,1,1,256,0.448,0.448
AIV,MOV_SRC_TO_DST_ALIGN,OUT,UB,256,0x11801500,1,1,256,0.436,0.436
AIV,MOV_SRC_TO_DST_ALIGN,OUT,UB,256,0x11809380,1,1,256,0.358,0.358
AIV,MOV_SRC_TO_DST_ALIGN,OUT,UB,256,0x11813000,1,1,256,0.356,0.356
AIV,MOV_SRC_TO_DST_ALIGN,OUT,UB,256,0x11809d80,1,1,256,0.416,0.416
AIV,MOV_SRC_TO_DST_ALIGN,OUT,UB,256,0x11813a00,1,1,256,0.449,0.449
AIV,MOV_SRC_TO_DST_ALIGN,OUT,UB,256,0x1180a780,1,1,256,0.429,0.429
AIV,MOV_SRC_TO_DST_ALIGN,OUT,UB,256,0x11814400,1,1,256,0.386,0.386
AIV,MOV_SRC_TO_DST_ALIGN,OUT,UB,256,0x1180b180,1,1,256,0.485,0.485
AIV,MOV_SRC_TO_DST_ALIGN,OUT,UB,256,0x11814e00,1,1,256,0.35,0.35
AIV,MOV_SRC_TO_DST_ALIGN,OUT,UB,256,0x117f5f00,1,1,256,0.358,0.358
AIV,MOV_SRC_TO_DST_ALIGN,OUT,UB,256,0x117ffb80,1,1,256,0.354,0.354
AIV,MOV_SRC_TO_DST_ALIGN,OUT,UB,256,0x117f6900,1,1,256,0.398,0.398
AIV,MOV_SRC_TO_DST_ALIGN,OUT,UB,256,0x11800580,1,1,256,0.432,0.432
AIV,MOV_SRC_TO_DST_ALIGN,OUT,UB,256,0x117f7300,1,1,256,0.451,0.451
AIV,MOV_SRC_TO_DST_ALIGN,OUT,UB,256,0x11800f80,1,1,256,0.437,0.437
AIV,MOV_SRC_TO_DST_ALIGN,OUT,UB,256,0x117f7d00,1,1,256,0.428,0.428
AIV,MOV_SRC_TO_DST_ALIGN,OUT,UB,256,0x11801980,1,1,256,0.473,0.473
AIV,MOV_SRC_TO_DST_ALIGN,OUT,UB,256,0x11809800,1,1,256,0.359,0.359
AIV,MOV_SRC_TO_DST_ALIGN,OUT,UB,256,0x11813480,1,1,256,0.352,0.352
AIV,MOV_SRC_TO_DST_ALIGN,OUT,UB,256,0x1180a200,1,1,256,0.494,0.494
AIV,MOV_SRC_TO_DST_ALIGN,OUT,UB,256,0x11813e80,1,1,256,0.427,0.427
AIV,MOV_SRC_TO_DST_ALIGN,OUT,UB,256,0x1180ac00,1,1,256,0.452,0.452
AIV,MOV_SRC_TO_DST_ALIGN,OUT,UB,256,0x11814880,1,1,256,0.457,0.457
AIV,MOV_SRC_TO_DST_ALIGN,OUT,UB,256,0x1180b600,1,1,256,0.484,0.484
AIV,MOV_SRC_TO_DST_ALIGN,OUT,UB,256,0x11815280,1,1,256,0.351,0.351
AIV,MOV_SRC_TO_DST_ALIGN,OUT,UB,256,0x117f5f80,1,1,256,0.358,0.358
AIV,MOV_SRC_TO_DST_ALIGN,OUT,UB,256,0x117ffc00,1,1,256,0.356,0.356
AIV,MOV_SRC_TO_DST_ALIGN,OUT,UB,256,0x117f6980,1,1,256,0.437,0.437
AIV,MOV_SRC_TO_DST_ALIGN,OUT,UB,256,0x11800600,1,1,256,0.429,0.429
AIV,MOV_SRC_TO_DST_ALIGN,OUT,UB,256,0x117f7380,1,1,256,0.483,0.483
AIV,MOV_SRC_TO_DST_ALIGN,OUT,UB,256,0x11801000,1,1,256,0.412,0.412
AIV,MOV_SRC_TO_DST_ALIGN,OUT,UB,256,0x117f7d80,1,1,256,0.367,0.367
AIV,MOV_SRC_TO_DST_ALIGN,OUT,UB,256,0x11801a00,1,1,256,0.382,0.382
AIV,MOV_SRC_TO_DST_ALIGN,OUT,UB,256,0x11809880,1,1,256,0.358,0.358
AIV,MOV_SRC_TO_DST_ALIGN,OUT,UB,256,0x11813500,1,1,256,0.355,0.355
AIV,MOV_SRC_TO_DST_ALIGN,OUT,UB,256,0x1180a280,1,1,256,0.396,0.396
AIV,MOV_SRC_TO_DST_ALIGN,OUT,UB,256,0x11813f00,1,1,256,0.345,0.345
AIV,MOV_SRC_TO_DST_ALIGN,OUT,UB,256,0x1180ac80,1,1,256,0.478,0.478
AIV,MOV_SRC_TO_DST_ALIGN,OUT,UB,256,0x11814900,1,1,256,0.217,0.217
AIV,MOV_SRC_TO_DST_ALIGN,OUT,UB,256,0x1180b680,1,1,256,0.361,0.361
AIV,MOV_SRC_TO_DST_ALIGN,OUT,UB,256,0x117f6000,1,1,256,0.361,0.361
AIV,MOV_SRC_TO_DST_ALIGN,OUT,UB,256,0x117ffc80,1,1,256,0.354,0.354
AIV,MOV_SRC_TO_DST_ALIGN,OUT,UB,256,0x117f6a00,1,1,256,0.468,0.468
AIV,MOV_SRC_TO_DST_ALIGN,OUT,UB,256,0x11800680,1,1,256,0.449,0.449
AIV,MOV_SRC_TO_DST_ALIGN,OUT,UB,256,0x117f7400,1,1,256,0.483,0.483
AIV,MOV_SRC_TO_DST_ALIGN,OUT,UB,256,0x11801080,1,1,256,0.478,0.478
AIV,MOV_SRC_TO_DST_ALIGN,OUT,UB,256,0x117f7e00,1,1,256,0.373,0.373
AIV,MOV_SRC_TO_DST_ALIGN,OUT,UB,256,0x11801a80,1,1,256,0.379,0.379
AIV,MOV_SRC_TO_DST_ALIGN,OUT,UB,256,0x11809900,1,1,256,0.358,0.358
AIV,MOV_SRC_TO_DST_ALIGN,OUT,UB,256,0x11813580,1,1,256,0.352,0.352
AIV,MOV_SRC_TO_DST_ALIGN,OUT,UB,256,0x1180a300,1,1,256,0.349,0.349
AIV,MOV_SRC_TO_DST_ALIGN,OUT,UB,256,0x11813f80,1,1,256,0.44,0.44
AIV,MOV_SRC_TO_DST_ALIGN,OUT,UB,256,0x1180ad00,1,1,256,0.426,0.426
AIV,MOV_SRC_TO_DST_ALIGN,OUT,UB,256,0x11814980,1,1,256,0.411,0.411
AIV,MOV_SRC_TO_DST_ALIGN,OUT,UB,256,0x1180b700,1,1,256,0.441,0.441
AIV,MOV_SRC_TO_DST_ALIGN,OUT,UB,256,0x11815380,1,1,256,0.352,0.352
AIV,MOV_SRC_TO_DST_ALIGN,OUT,UB,256,0x117f6080,1,1,256,0.355,0.355
AIV,MOV_SRC_TO_DST_ALIGN,OUT,UB,256,0x117ffd00,1,1,256,0.356,0.356
AIV,MOV_SRC_TO_DST_ALIGN,OUT,UB,256,0x117f6a80,1,1,256,0.492,0.492
AIV,MOV_SRC_TO_DST_ALIGN,OUT,UB,256,0x11800700,1,1,256,0.429,0.429
AIV,MOV_SRC_TO_DST_ALIGN,OUT,UB,256,0x117f7480,1,1,256,0.529,0.529
AIV,MOV_SRC_TO_DST_ALIGN,OUT,UB,256,0x11801100,1,1,256,0.431,0.431
AIV,MOV_SRC_TO_DST_ALIGN,OUT,UB,256,0x117f7e80,1,1,256,0.508,0.508
AIV,MOV_SRC_TO_DST_ALIGN,OUT,UB,256,0x11809980,1,1,256,0.357,0.357
AIV,MOV_SRC_TO_DST_ALIGN,OUT,UB,256,0x11813600,1,1,256,0.356,0.356
AIV,MOV_SRC_TO_DST_ALIGN,OUT,UB,256,0x1180a380,1,1,256,0.54,0.54
AIV,MOV_SRC_TO_DST_ALIGN,OUT,UB,256,0x11814000,1,1,256,0.431,0.431
AIV,MOV_SRC_TO_DST_ALIGN,OUT,UB,256,0x1180ad80,1,1,256,0.529,0.529
AIV,MOV_SRC_TO_DST_ALIGN,OUT,UB,256,0x11814a00,1,1,256,0.432,0.432
AIV,MOV_SRC_TO_DST_ALIGN,OUT,UB,256,0x1180b780,1,1,256,0.508,0.508
AIV,MOV_SRC_TO_DST_ALIGN,OUT,UB,256,0x117f6100,1,1,256,0.359,0.359
AIV,MOV_SRC_TO_DST_ALIGN,OUT,UB,256,0x117ffd80,1,1,256,0.354,0.354
AIV,MOV_SRC_TO_DST_ALIGN,OUT,UB,256,0x117f6b00,1,1,256,0.488,0.488
AIV,MOV_SRC_TO_DST_ALIGN,OUT,UB,256,0x11800780,1,1,256,0.428,0.428
AIV,MOV_SRC_TO_DST_ALIGN,OUT,UB,256,0x117f7500,1,1,256,0.528,0.528
AIV,MOV_SRC_TO_DST_ALIGN,OUT,UB,256,0x11801180,1,1,256,0.431,0.431
AIV,MOV_SRC_TO_DST_ALIGN,OUT,UB,256,0x117f7f00,1,1,256,0.496,0.496
AIV,MOV_SRC_TO_DST_ALIGN,OUT,UB,256,0x11809a00,1,1,256,0.359,0.359
AIV,MOV_SRC_TO_DST_ALIGN,OUT,UB,256,0x11813680,1,1,256,0.351,0.351
AIV,MOV_SRC_TO_DST_ALIGN,OUT,UB,256,0x1180a400,1,1,256,0.533,0.533
AIV,MOV_SRC_TO_DST_ALIGN,OUT,UB,256,0x11814080,1,1,256,0.427,0.427
AIV,MOV_SRC_TO_DST_ALIGN,OUT,UB,256,0x1180ae00,1,1,256,0.534,0.534
AIV,MOV_SRC_TO_DST_ALIGN,OUT,UB,256,0x11814a80,1,1,256,0.432,0.432
AIV,MOV_SRC_TO_DST_ALIGN,OUT,UB,256,0x1180b800,1,1,256,0.524,0.524
AIV,MOV_SRC_TO_DST_ALIGN,OUT,UB,256,0x117f6180,1,1,256,0.352,0.352
AIV,MOV_SRC_TO_DST_ALIGN,OUT,UB,256,0x117ffe00,1,1,256,0.352,0.352
AIV,MOV_SRC_TO_DST_ALIGN,OUT,UB,256,0x117f6b80,1,1,256,0.416,0.416
AIV,MOV_SRC_TO_DST_ALIGN,OUT,UB,256,0x11800800,1,1,256,0.351,0.351
AIV,MOV_SRC_TO_DST_ALIGN,OUT,UB,256,0x117f7580,1,1,256,0.352,0.352
AIV,MOV_SRC_TO_DST_ALIGN,OUT,UB,256,0x11801200,1,1,256,0.35,0.35
AIV,MOV_SRC_TO_DST_ALIGN,OUT,UB,256,0x11809a80,1,1,256,0.35,0.35
AIV,MOV_SRC_TO_DST_ALIGN,OUT,UB,256,0x11813700,1,1,256,0.218,0.218
AIV,MOV_SRC_TO_DST_ALIGN,OUT,UB,256,0x1180a480,1,1,256,0.405,0.405
AIV,MOV_SRC_TO_DST_ALIGN,OUT,UB,256,0x11814100,1,1,256,0.217,0.217
AIV,MOV_SRC_TO_DST_ALIGN,OUT,UB,256,0x1180ae80,1,1,256,0.379,0.379
AIV,MOV_SRC_TO_DST_ALIGN,OUT,UB,256,0x11814b00,1,1,256,0.487,0.487
AIV,MOV_SRC_TO_DST_ALIGN,OUT,UB,256,0x1180b880,1,1,256,0.36,0.36
AIV,MOV_SRC_TO_DST_ALIGN,OUT,UB,256,0x117f6200,1,1,256,0.358,0.358
AIV,MOV_SRC_TO_DST_ALIGN,OUT,UB,256,0x117ffe80,1,1,256,0.351,0.351
AIV,MOV_SRC_TO_DST_ALIGN,OUT,UB,256,0x117f6c00,1,1,256,0.354,0.354
AIV,MOV_SRC_TO_DST_ALIGN,OUT,UB,256,0x11800880,1,1,256,0.447,0.447
AIV,MOV_SRC_TO_DST_ALIGN,OUT,UB,256,0x117f7600,1,1,256,0.528,0.528
AIV,MOV_SRC_TO_DST_ALIGN,OUT,UB,256,0x11801280,1,1,256,0.351,0.351
AIV,MOV_SRC_TO_DST_ALIGN,OUT,UB,256,0x117f8000,1,1,256,0.453,0.453
AIV,MOV_SRC_TO_DST_ALIGN,OUT,UB,256,0x11809b00,1,1,256,0.36,0.36
AIV,MOV_SRC_TO_DST_ALIGN,OUT,UB,256,0x11813780,1,1,256,0.355,0.355
AIV,MOV_SRC_TO_DST_ALIGN,OUT,UB,256,0x1180a500,1,1,256,0.482,0.482
AIV,MOV_SRC_TO_DST_ALIGN,OUT,UB,256,0x11814180,1,1,256,0.448,0.448
AIV,MOV_SRC_TO_DST_ALIGN,OUT,UB,256,0x1180af00,1,1,256,0.528,0.528
AIV,MOV_SRC_TO_DST_ALIGN,OUT,UB,256,0x11814b80,1,1,256,0.353,0.353
AIV,MOV_SRC_TO_DST_ALIGN,OUT,UB,256,0x1180b900,1,1,256,0.442,0.442
AIV,MOV_SRC_TO_DST_ALIGN,OUT,UB,256,0x117f6280,1,1,256,0.356,0.356
AIV,MOV_SRC_TO_DST_ALIGN,OUT,UB,256,0x117fff00,1,1,256,0.356,0.356
AIV,MOV_SRC_TO_DST_ALIGN,OUT,UB,256,0x117f6c80,1,1,256,0.479,0.479
AIV,MOV_SRC_TO_DST_ALIGN,OUT,UB,256,0x11800900,1,1,256,0.421,0.421
AIV,MOV_SRC_TO_DST_ALIGN,OUT,UB,256,0x117f7680,1,1,256,0.526,0.526
AIV,MOV_SRC_TO_DST_ALIGN,OUT,UB,256,0x11801300,1,1,256,0.332,0.332
AIV,MOV_SRC_TO_DST_ALIGN,OUT,UB,256,0x117f8080,1,1,256,0.447,0.447
AIV,MOV_SRC_TO_DST_ALIGN,OUT,UB,256,0x11809b80,1,1,256,0.357,0.357
AIV,MOV_SRC_TO_DST_ALIGN,OUT,UB,256,0x11813800,1,1,256,0.356,0.356
AIV,MOV_SRC_TO_DST_ALIGN,OUT,UB,256,0x1180a580,1,1,256,0.353,0.353
AIV,MOV_SRC_TO_DST_ALIGN,OUT,UB,256,0x11814200,1,1,256,0.451,0.451
AIV,MOV_SRC_TO_DST_ALIGN,OUT,UB,256,0x1180af80,1,1,256,0.528,0.528
AIV,MOV_SRC_TO_DST_ALIGN,OUT,UB,256,0x11814c00,1,1,256,0.353,0.353
AIV,MOV_SRC_TO_DST_ALIGN,OUT,UB,256,0x1180b980,1,1,256,0.446,0.446
AIV,MOV_SRC_TO_DST_ALIGN,OUT,UB,256,0x117f6300,1,1,256,0.358,0.358
AIV,MOV_SRC_TO_DST_ALIGN,OUT,UB,256,0x117fff80,1,1,256,0.354,0.354
AIV,MOV_SRC_TO_DST_ALIGN,OUT,UB,256,0x117f6d00,1,1,256,0.523,0.523
AIV,MOV_SRC_TO_DST_ALIGN,OUT,UB,256,0x11800980,1,1,256,0.428,0.428
AIV,MOV_SRC_TO_DST_ALIGN,OUT,UB,256,0x117f7700,1,1,256,0.533,0.533
AIV,MOV_SRC_TO_DST_ALIGN,OUT,UB,256,0x11801380,1,1,256,0.431,0.431
AIV,MOV_SRC_TO_DST_ALIGN,OUT,UB,256,0x117f8100,1,1,256,0.514,0.514
AIV,MOV_SRC_TO_DST_ALIGN,OUT,UB,256,0x11809c00,1,1,256,0.358,0.358
AIV,MOV_SRC_TO_DST_ALIGN,OUT,UB,256,0x11813880,1,1,256,0.352,0.352
AIV,MOV_SRC_TO_DST_ALIGN,OUT,UB,256,0x1180a600,1,1,256,0.497,0.497
AIV,MOV_SRC_TO_DST_ALIGN,OUT,UB,256,0x11814280,1,1,256,0.427,0.427
AIV,MOV_SRC_TO_DST_ALIGN,OUT,UB,256,0x1180b000,1,1,256,0.531,0.531
AIV,MOV_SRC_TO_DST_ALIGN,OUT,UB,256,0x11814c80,1,1,256,0.429,0.429
AIV,MOV_SRC_TO_DST_ALIGN,OUT,UB,256,0x1180ba00,1,1,256,0.503,0.503
AIV,MOV_SRC_TO_DST_ALIGN,OUT,UB,256,0x117f6380,1,1,256,0.359,0.359
AIV,MOV_SRC_TO_DST_ALIGN,OUT,UB,256,0x11800000,1,1,256,0.355,0.355
AIV,MOV_SRC_TO_DST_ALIGN,OUT,UB,256,0x117f6d80,1,1,256,0.486,0.486
AIV,MOV_SRC_TO_DST_ALIGN,OUT,UB,256,0x11800a00,1,1,256,0.451,0.451
AIV,MOV_SRC_TO_DST_ALIGN,OUT,UB,256,0x117f7780,1,1,256,0.533,0.533
AIV,MOV_SRC_TO_DST_ALIGN,OUT,UB,256,0x11801400,1,1,256,0.354,0.354
AIV,MOV_SRC_TO_DST_ALIGN,OUT,UB,256,0x117f8180,1,1,256,0.529,0.529
AIV,MOV_SRC_TO_DST_ALIGN,OUT,UB,256,0x11809c80,1,1,256,0.357,0.357
AIV,MOV_SRC_TO_DST_ALIGN,OUT,UB,256,0x11813900,1,1,256,0.353,0.353
AIV,MOV_SRC_TO_DST_ALIGN,OUT,UB,256,0x1180a680,1,1,256,0.359,0.359
AIV,MOV_SRC_TO_DST_ALIGN,OUT,UB,256,0x11814300,1,1,256,0.449,0.449
AIV,MOV_SRC_TO_DST_ALIGN,OUT,UB,256,0x1180b080,1,1,256,0.521,0.521
AIV,MOV_SRC_TO_DST_ALIGN,OUT,UB,256,0x11814d00,1,1,256,0.351,0.351
AIV,MOV_SRC_TO_DST_ALIGN,OUT,UB,256,0x1180ba80,1,1,256,0.532,0.532
AIV,MOV_SRC_TO_DST_ALIGN,OUT,UB,256,0x117f5b00,1,1,256,0.357,0.357
AIV,MOV_SRC_TO_DST_ALIGN,OUT,UB,256,0x117ff780,1,1,256,0.353,0.353
AIV,MOV_SRC_TO_DST_ALIGN,OUT,UB,256,0x117f6500,1,1,256,0.501,0.501
AIV,MOV_SRC_TO_DST_ALIGN,OUT,UB,256,0x11800180,1,1,256,0.425,0.425
AIV,MOV_SRC_TO_DST_ALIGN,OUT,UB,256,0x117f6f00,1,1,256,0.531,0.531
AIV,MOV_SRC_TO_DST_ALIGN,OUT,UB,256,0x11800b80,1,1,256,0.428,0.428
AIV,MOV_SRC_TO_DST_ALIGN,OUT,UB,256,0x117f7900,1,1,256,0.503,0.503
AIV,MOV_SRC_TO_DST_ALIGN,OUT,UB,256,0x11809400,1,1,256,0.359,0.359
AIV,MOV_SRC_TO_DST_ALIGN,OUT,UB,256,0x11813080,1,1,256,0.354,0.354
AIV,MOV_SRC_TO_DST_ALIGN,OUT,UB,256,0x11809e00,1,1,256,0.528,0.528
AIV,MOV_SRC_TO_DST_ALIGN,OUT,UB,256,0x11813a80,1,1,256,0.427,0.427
AIV,MOV_SRC_TO_DST_ALIGN,OUT,UB,256,0x1180a800,1,1,256,0.532,0.532
AIV,MOV_SRC_TO_DST_ALIGN,OUT,UB,256,0x11814480,1,1,256,0.429,0.429
AIV,MOV_SRC_TO_DST_ALIGN,OUT,UB,256,0x1180b200,1,1,256,0.514,0.514
AIV,MOV_SRC_TO_DST_ALIGN,OUT,UB,256,0x117f5b80,1,1,256,0.359,0.359
AIV,MOV_SRC_TO_DST_ALIGN,OUT,UB,256,0x117ff800,1,1,256,0.354,0.354
AIV,MOV_SRC_TO_DST_ALIGN,OUT,UB,256,0x117f6580,1,1,256,0.408,0.408
AIV,MOV_SRC_TO_DST_ALIGN,OUT,UB,256,0x11800200,1,1,256,0.442,0.442
AIV,MOV_SRC_TO_DST_ALIGN,OUT,UB,256,0x117f6f80,1,1,256,0.472,0.472
AIV,MOV_SRC_TO_DST_ALIGN,OUT,UB,256,0x11800c00,1,1,256,0.441,0.441
AIV,MOV_SRC_TO_DST_ALIGN,OUT,UB,256,0x117f7980,1,1,256,0.486,0.486
AIV,MOV_SRC_TO_DST_ALIGN,OUT,UB,256,0x11801600,1,1,256,0.351,0.351
AIV,MOV_SRC_TO_DST_ALIGN,OUT,UB,256,0x11809480,1,1,256,0.36,0.36
AIV,MOV_SRC_TO_DST_ALIGN,OUT,UB,256,0x11813100,1,1,256,0.354,0.354
AIV,MOV_SRC_TO_DST_ALIGN,OUT,UB,256,0x11809e80,1,1,256,0.483,0.483
AIV,MOV_SRC_TO_DST_ALIGN,OUT,UB,256,0x11813b00,1,1,256,0.299,0.299
AIV,MOV_SRC_TO_DST_ALIGN,OUT,UB,256,0x1180a880,1,1,256,0.467,0.467
AIV,MOV_SRC_TO_DST_ALIGN,OUT,UB,256,0x11814500,1,1,256,0.461,0.461
AIV,MOV_SRC_TO_DST_ALIGN,OUT,UB,256,0x1180b280,1,1,256,0.379,0.379
AIV,MOV_SRC_TO_DST_ALIGN,OUT,UB,256,0x11814f00,1,1,256,0.298,0.298
AIV,MOV_SRC_TO_DST_ALIGN,OUT,UB,256,0x117f5c00,1,1,256,0.359,0.359
AIV,MOV_SRC_TO_DST_ALIGN,OUT,UB,256,0x117ff880,1,1,256,0.353,0.353
AIV,MOV_SRC_TO_DST_ALIGN,OUT,UB,256,0x117f6600,1,1,256,0.542,0.542
AIV,MOV_SRC_TO_DST_ALIGN,OUT,UB,256,0x11800280,1,1,256,0.429,0.429
AIV,MOV_SRC_TO_DST_ALIGN,OUT,UB,256,0x117f7000,1,1,256,0.46,0.46
AIV,MOV_SRC_TO_DST_ALIGN,OUT,UB,256,0x11800c80,1,1,256,0.458,0.458
AIV,MOV_SRC_TO_DST_ALIGN,OUT,UB,256,0x117f7a00,1,1,256,0.483,0.483
AIV,MOV_SRC_TO_DST_ALIGN,OUT,UB,256,0x11801680,1,1,256,0.35,0.35
AIV,MOV_SRC_TO_DST_ALIGN,OUT,UB,256,0x11809500,1,1,256,0.359,0.359
AIV,MOV_SRC_TO_DST_ALIGN,OUT,UB,256,0x11813180,1,1,256,0.353,0.353
AIV,MOV_SRC_TO_DST_ALIGN,OUT,UB,256,0x11809f00,1,1,256,0.354,0.354
AIV,MOV_SRC_TO_DST_ALIGN,OUT,UB,256,0x11813b80,1,1,256,0.434,0.434
AIV,MOV_SRC_TO_DST_ALIGN,OUT,UB,256,0x1180a900,1,1,256,0.464,0.464
AIV,MOV_SRC_TO_DST_ALIGN,OUT,UB,256,0x11814580,1,1,256,0.437,0.437
AIV,MOV_SRC_TO_DST_ALIGN,OUT,UB,256,0x1180b300,1,1,256,0.467,0.467
AIV,MOV_SRC_TO_DST_ALIGN,OUT,UB,256,0x11814f80,1,1,256,0.433,0.433
AIV,MOV_SRC_TO_DST_ALIGN,OUT,UB,256,0x117f5c80,1,1,256,0.356,0.356
AIV,MOV_SRC_TO_DST_ALIGN,OUT,UB,256,0x117ff900,1,1,256,0.353,0.353
AIV,MOV_SRC_TO_DST_ALIGN,OUT,UB,256,0x117f6680,1,1,256,0.476,0.476
AIV,MOV_SRC_TO_DST_ALIGN,OUT,UB,256,0x11800300,1,1,256,0.421,0.421
AIV,MOV_SRC_TO_DST_ALIGN,OUT,UB,256,0x117f7080,1,1,256,0.487,0.487
AIV,MOV_SRC_TO_DST_ALIGN,OUT,UB,256,0x11800d00,1,1,256,0.385,0.385
AIV,MOV_SRC_TO_DST_ALIGN,OUT,UB,256,0x117f7a80,1,1,256,0.462,0.462
AIV,MOV_SRC_TO_DST_ALIGN,OUT,UB,256,0x11801700,1,1,256,0.298,0.298
AIV,MOV_SRC_TO_DST_ALIGN,OUT,UB,256,0x11809580,1,1,256,0.357,0.357
AIV,MOV_SRC_TO_DST_ALIGN,OUT,UB,256,0x11813200,1,1,256,0.354,0.354
AIV,MOV_SRC_TO_DST_ALIGN,OUT,UB,256,0x11809f80,1,1,256,0.352,0.352
AIV,MOV_SRC_TO_DST_ALIGN,OUT,UB,256,0x11813c00,1,1,256,0.449,0.449
AIV,MOV_SRC_TO_DST_ALIGN,OUT,UB,256,0x1180a980,1,1,256,0.511,0.511
AIV,MOV_SRC_TO_DST_ALIGN,OUT,UB,256,0x11814600,1,1,256,0.35,0.35
AIV,MOV_SRC_TO_DST_ALIGN,OUT,UB,256,0x1180b380,1,1,256,0.486,0.486
AIV,MOV_SRC_TO_DST_ALIGN,OUT,UB,256,0x117f5d00,1,1,256,0.36,0.36
AIV,MOV_SRC_TO_DST_ALIGN,OUT,UB,256,0x117ff980,1,1,256,0.354,0.354
AIV,MOV_SRC_TO_DST_ALIGN,OUT,UB,256,0x117f6700,1,1,256,0.481,0.481
AIV,MOV_SRC_TO_DST_ALIGN,OUT,UB,256,0x11800380,1,1,256,0.449,0.449
AIV,MOV_SRC_TO_DST_ALIGN,OUT,UB,256,0x117f7100,1,1,256,0.533,0.533
AIV,MOV_SRC_TO_DST_ALIGN,OUT,UB,256,0x11800d80,1,1,256,0.353,0.353
AIV,MOV_SRC_TO_DST_ALIGN,OUT,UB,256,0x117f7b00,1,1,256,0.454,0.454
AIV,MOV_SRC_TO_DST_ALIGN,OUT,UB,256,0x11809600,1,1,256,0.358,0.358
AIV,MOV_SRC_TO_DST_ALIGN,OUT,UB,256,0x11813280,1,1,256,0.352,0.352
AIV,MOV_SRC_TO_DST_ALIGN,OUT,UB,256,0x1180a000,1,1,256,0.353,0.353
AIV,MOV_SRC_TO_DST_ALIGN,OUT,UB,256,0x11813c80,1,1,256,0.447,0.447
AIV,MOV_SRC_TO_DST_ALIGN,OUT,UB,256,0x1180aa00,1,1,256,0.522,0.522
AIV,MOV_SRC_TO_DST_ALIGN,OUT,UB,256,0x11814680,1,1,256,0.351,0.351
AIV,MOV_SRC_TO_DST_ALIGN,OUT,UB,256,0x1180b400,1,1,256,0.443,0.443
AIV,MOV_SRC_TO_DST_ALIGN,OUT,UB,256,0x117f5d80,1,1,256,0.354,0.354
AIV,MOV_SRC_TO_DST_ALIGN,OUT,UB,256,0x117ffa00,1,1,256,0.355,0.355
AIV,MOV_SRC_TO_DST_ALIGN,OUT,UB,256,0x117f6780,1,1,256,0.351,0.351
AIV,MOV_SRC_TO_DST_ALIGN,OUT,UB,256,0x11800400,1,1,256,0.447,0.447
AIV,MOV_SRC_TO_DST_ALIGN,OUT,UB,256,0x117f7180,1,1,256,0.471,0.471
AIV,MOV_SRC_TO_DST_ALIGN,OUT,UB,256,0x11800e00,1,1,256,0.478,0.478
AIV,MOV_SRC_TO_DST_ALIGN,OUT,UB,256,0x117f7b80,1,1,256,0.421,0.421
AIV,MOV_SRC_TO_DST_ALIGN,OUT,UB,256,0x11809680,1,1,256,0.354,0.354
AIV,MOV_SRC_TO_DST_ALIGN,OUT,UB,256,0x11813300,1,1,256,0.356,0.356
AIV,MOV_SRC_TO_DST_ALIGN,OUT,UB,256,0x1180a080,1,1,256,0.474,0.474
AIV,MOV_SRC_TO_DST_ALIGN,OUT,UB,256,0x11813d00,1,1,256,0.419,0.419
AIV,MOV_SRC_TO_DST_ALIGN,OUT,UB,256,0x1180aa80,1,1,256,0.524,0.524
AIV,MOV_SRC_TO_DST_ALIGN,OUT,UB,256,0x11814700,1,1,256,0.217,0.217
AIV,MOV_SRC_TO_DST_ALIGN,OUT,UB,256,0x1180b480,1,1,256,0.404,0.404
AIV,MOV_SRC_TO_DST_ALIGN,OUT,UB,256,0x117f5e00,1,1,256,0.356,0.356
AIV,MOV_SRC_TO_DST_ALIGN,OUT,UB,256,0x117ffa80,1,1,256,0.353,0.353
AIV,MOV_SRC_TO_DST_ALIGN,OUT,UB,256,0x117f6800,1,1,256,0.351,0.351
AIV,MOV_SRC_TO_DST_ALIGN,OUT,UB,256,0x11800480,1,1,256,0.449,0.449
AIV,MOV_SRC_TO_DST_ALIGN,OUT,UB,256,0x117f7200,1,1,256,0.527,0.527
AIV,MOV_SRC_TO_DST_ALIGN,OUT,UB,256,0x11800e80,1,1,256,0.351,0.351
AIV,MOV_SRC_TO_DST_ALIGN,OUT,UB,256,0x117f7c00,1,1,256,0.455,0.455
AIV,MOV_SRC_TO_DST_ALIGN,OUT,UB,256,0x11809700,1,1,256,0.356,0.356
AIV,MOV_SRC_TO_DST_ALIGN,OUT,UB,256,0x11813380,1,1,256,0.354,0.354
AIV,MOV_SRC_TO_DST_ALIGN,OUT,UB,256,0x1180a100,1,1,256,0.478,0.478
AIV,MOV_SRC_TO_DST_ALIGN,OUT,UB,256,0x11813d80,1,1,256,0.449,0.449
AIV,MOV_SRC_TO_DST_ALIGN,OUT,UB,256,0x1180ab00,1,1,256,0.528,0.528
AIV,MOV_SRC_TO_DST_ALIGN,OUT,UB,256,0x11814780,1,1,256,0.353,0.353
AIV,MOV_SRC_TO_DST_ALIGN,OUT,UB,256,0x1180b500,1,1,256,0.441,0.441
AIV,MOV_SRC_TO_DST_ALIGN,OUT,UB,256,0x117f5e80,1,1,256,0.357,0.357
AIV,MOV_SRC_TO_DST_ALIGN,OUT,UB,256,0x117ffb00,1,1,256,0.351,0.351
AIV,MOV_SRC_TO_DST_ALIGN,OUT,UB,256,0x117f6880,1,1,256,0.482,0.482
AIV,MOV_SRC_TO_DST_ALIGN,OUT,UB,256,0x11800500,1,1,256,0.452,0.452
AIV,MOV_SRC_TO_DST_ALIGN,OUT,UB,256,0x117f7280,1,1,256,0.526,0.526
AIV,MOV_SRC_TO_DST_ALIGN,OUT,UB,256,0x11800f00,1,1,256,0.332,0.332
AIV,MOV_SRC_TO_DST_ALIGN,OUT,UB,256,0x117f7c80,1,1,256,0.446,0.446
AIV,MOV_SRC_TO_DST_ALIGN,OUT,UB,256,0x11809780,1,1,256,0.358,0.358
AIV,MOV_SRC_TO_DST_ALIGN,OUT,UB,256,0x11813400,1,1,256,0.353,0.353
AIV,MOV_SRC_TO_DST_ALIGN,OUT,UB,256,0x1180a180,1,1,256,0.356,0.356
AIV,MOV_SRC_TO_DST_ALIGN,OUT,UB,256,0x11813e00,1,1,256,0.451,0.451
AIV,MOV_SRC_TO_DST_ALIGN,OUT,UB,256,0x1180ab80,1,1,256,0.527,0.527
AIV,MOV_SRC_TO_DST_ALIGN,OUT,UB,256,0x11814800,1,1,256,0.353,0.353
AIV,MOV_SRC_TO_DST_ALIGN,OUT,UB,256,0x1180b580,1,1,256,0.446,0.446
AIC,LOAD_L1_TO_DST_3DV2,L1,L0A,0,0,314,20,0,0.058885,0.059
AIC,SET_2D,UNDEF,L1,0,,20,20,0,0.043,0.043
