block_id,sub_block_id,aic_time(us),aic_total_cycles,aic_write_cache_hit,aic_write_cache_miss_allocate,aic_r0_read_cache_hit,aic_r0_read_cache_miss_allocate,aic_r1_read_cache_hit,aic_r1_read_cache_miss_allocate,aic_write_hit_rate(%),aic_read_hit_rate(%),aic_total_hit_rate(%),aiv_time(us),aiv_total_cycles,aiv_write_cache_hit,aiv_write_cache_miss_allocate,aiv_r0_read_cache_hit,aiv_r0_read_cache_miss_allocate,aiv_r1_read_cache_hit,aiv_r1_read_cache_miss_allocate,aiv_write_hit_rate(%),aiv_read_hit_rate(%),aiv_total_hit_rate(%),
0,cube0,572.385010,1030293,257,386,3973,897,3947,898,39.968895,81.523415,78.943810,NA,NA,NA,NA,NA,NA,NA,NA,NA,NA,NA,
0,vector0,NA,NA,NA,NA,NA,NA,NA,NA,NA,NA,NA,571.994446,1029590,51,2048,1146,28,1135,31,2.429729,97.478630,52.534355,
1,cube0,572.478333,1030461,258,385,4633,127,4634,128,40.124416,97.321991,93.703888,NA,NA,NA,NA,NA,NA,NA,NA,NA,NA,NA,
1,vector0,NA,NA,NA,NA,NA,NA,NA,NA,NA,NA,NA,572.014465,1029626,51,2048,1164,20,1133,23,2.429729,98.162392,52.894794,
2,cube0,572.854431,1031138,258,385,4257,511,4276,514,40.124416,89.276001,86.177826,NA,NA,NA,NA,NA,NA,NA,NA,NA,NA,NA,
2,vector0,NA,NA,NA,NA,NA,NA,NA,NA,NA,NA,NA,572.506104,1030511,51,2048,1107,37,1162,34,2.429729,96.965813,52.264023,
3,cube0,572.632202,1030738,258,385,4284,512,4263,513,40.124416,89.291687,86.196770,NA,NA,NA,NA,NA,NA,NA,NA,NA,NA,NA,
3,vector0,NA,NA,NA,NA,NA,NA,NA,NA,NA,NA,NA,572.184998,1029933,51,2048,1138,39,1118,45,2.429729,96.410255,51.971165,
4,cube0,572.941650,1031295,258,385,3997,703,4015,706,40.124416,85.044052,82.174088,NA,NA,NA,NA,NA,NA,NA,NA,NA,NA,NA,
4,vector0,NA,NA,NA,NA,NA,NA,NA,NA,NA,NA,NA,572.567200,1030621,51,2048,1170,18,1134,18,2.429729,98.461540,53.052490,
5,cube0,572.804993,1031049,258,385,4324,321,4326,320,40.124416,93.100853,89.671837,NA,NA,NA,NA,NA,NA,NA,NA,NA,NA,NA,
5,vector0,NA,NA,NA,NA,NA,NA,NA,NA,NA,NA,NA,572.342773,1030217,51,2048,1162,11,1156,11,2.429729,99.059830,53.367874,
6,cube0,573.033325,1031460,258,385,4143,578,4147,575,40.124416,87.789894,84.751137,NA,NA,NA,NA,NA,NA,NA,NA,NA,NA,NA,
6,vector0,NA,NA,NA,NA,NA,NA,NA,NA,NA,NA,NA,572.645569,1030762,51,2048,1142,22,1157,19,2.429729,98.247864,52.939850,
7,cube0,572.748901,1030948,257,386,4194,448,4194,449,39.968895,90.339256,87.076958,NA,NA,NA,NA,NA,NA,NA,NA,NA,NA,NA,
7,vector0,NA,NA,NA,NA,NA,NA,NA,NA,NA,NA,NA,572.272766,1030091,51,2048,1150,23,1142,25,2.429729,97.948715,52.782158,
8,cube0,573.032776,1031459,258,385,4398,385,4399,384,40.124416,91.961113,88.696251,NA,NA,NA,NA,NA,NA,NA,NA,NA,NA,NA,
8,vector0,NA,NA,NA,NA,NA,NA,NA,NA,NA,NA,NA,572.582214,1030648,51,2048,1127,46,1129,38,2.429729,96.410255,51.971165,
9,cube0,572.635010,1030743,258,385,4128,640,4126,641,40.124416,86.565285,83.631363,NA,NA,NA,NA,NA,NA,NA,NA,NA,NA,NA,
9,vector0,NA,NA,NA,NA,NA,NA,NA,NA,NA,NA,NA,572.265564,1030078,51,2048,1130,35,1139,36,2.429729,96.965813,52.264023,
10,cube0,572.779419,1031003,257,386,4558,319,4554,322,39.968895,93.427666,90.121201,NA,NA,NA,NA,NA,NA,NA,NA,NA,NA,NA,
10,vector0,NA,NA,NA,NA,NA,NA,NA,NA,NA,NA,NA,572.318359,1030173,51,2048,1131,52,1109,48,2.429729,95.726494,51.610722,
11,cube0,572.771118,1030988,258,385,4052,706,4055,703,40.124416,85.193359,82.340782,NA,NA,NA,NA,NA,NA,NA,NA,NA,NA,NA,
11,vector0,NA,NA,NA,NA,NA,NA,NA,NA,NA,NA,NA,572.346680,1030224,51,2048,1109,61,1110,60,2.429729,94.829063,51.137642,
12,cube0,564.692200,1016446,233,386,4070,545,4071,544,37.641357,88.201515,85.023857,NA,NA,NA,NA,NA,NA,NA,NA,NA,NA,NA,
12,vector0,NA,NA,NA,NA,NA,NA,NA,NA,NA,NA,NA,564.223877,1015603,51,1984,1137,17,1156,23,2.506143,98.285469,53.663002,
13,cube0,565.159424,1017287,234,385,4040,448,4039,449,37.802906,90.006683,86.638878,NA,NA,NA,NA,NA,NA,NA,NA,NA,NA,NA,
13,vector0,NA,NA,NA,NA,NA,NA,NA,NA,NA,NA,NA,564.690002,1016442,51,1984,1154,17,1145,17,2.506143,98.542648,53.800365,
14,cube0,537.878357,968181,220,385,4024,369,4039,362,36.363636,91.687515,88.126396,NA,NA,NA,NA,NA,NA,NA,NA,NA,NA,NA,
14,vector0,NA,NA,NA,NA,NA,NA,NA,NA,NA,NA,NA,537.355530,967240,48,1920,1082,12,1086,14,2.439024,98.814949,53.243633,
15,cube0,537.901123,968222,220,385,3818,593,3790,598,36.363636,86.464371,83.241173,NA,NA,NA,NA,NA,NA,NA,NA,NA,NA,NA,
15,vector0,NA,NA,NA,NA,NA,NA,NA,NA,NA,NA,NA,537.409973,967338,48,1920,1080,21,1074,19,2.439024,98.176849,52.907257,
16,cube0,537.909424,968237,219,386,4071,526,4117,531,36.198349,88.566795,85.350250,NA,NA,NA,NA,NA,NA,NA,NA,NA,NA,NA,
16,vector0,NA,NA,NA,NA,NA,NA,NA,NA,NA,NA,NA,537.501648,967503,48,1920,1062,41,1056,35,2.439024,96.536011,52.042286,
17,cube0,537.869995,968166,220,385,4045,436,4046,429,36.363636,90.341667,86.926056,NA,NA,NA,NA,NA,NA,NA,NA,NA,NA,NA,
17,vector0,NA,NA,NA,NA,NA,NA,NA,NA,NA,NA,NA,537.472229,967450,48,1920,1049,33,1079,33,2.439024,96.991798,52.282555,
18,cube0,538.068909,968524,220,385,4054,384,4064,385,36.363636,91.346909,87.842392,NA,NA,NA,NA,NA,NA,NA,NA,NA,NA,NA,
18,vector0,NA,NA,NA,NA,NA,NA,NA,NA,NA,NA,NA,537.571106,967628,48,1920,1056,45,1033,60,2.439024,95.214218,51.345509,
19,cube0,537.813904,968065,220,385,3933,578,3952,575,36.363636,87.242752,84.050606,NA,NA,NA,NA,NA,NA,NA,NA,NA,NA,NA,
19,vector0,NA,NA,NA,NA,NA,NA,NA,NA,NA,NA,NA,537.356689,967242,48,1920,1047,60,1040,47,2.439024,95.123062,51.297455,
